Descriptores,Originales|2025|Variación porcentual anual|T1,Originales|2025|Variación porcentual anual|T2,Originales|2025|Variación porcentual anual|T3,Originales|2025|Variación porcentual anual|T4,Originales|2025|Variación porcentual anual|6 Meses,Originales|2025|Variación porcentual anual|9 Meses,Originales|2025|Variación porcentual anual|Anual,Desestacionalizada|2025|Variación porcentual anual|T1,Desestacionalizada|2025|Variación porcentual anual|T2,Desestacionalizada|2025|Variación porcentual anual|T3,Desestacionalizada|2025|Variación porcentual anual|T4,Desestacionalizada|2025|Variación porcentual trimestral|T1,Desestacionalizada|2025|Variación porcentual trimestral|T2,Desestacionalizada|2025|Variación porcentual trimestral|T3,Desestacionalizada|2025|Variación porcentual trimestral|T4,Desestacionalizada|2025|Variación porcentual trimestral|6 Meses,Desestacionalizada|2025|Variación porcentual trimestral|9 Meses
Producto interno bruto,,0.05935867844659981,,,0.42196170545621214,,,,1.1854205313997568,,,,0.6719851040660814,,,0.8775625555029904,
Producto interno bruto|Actividades primarias,,4.094218382296731,,,5.535836842295197,,,,4.4723316143834495,,,,-1.2716188473194592,,,5.570528569514977,
Producto interno bruto|Actividades secundarias,,-1.5031205214959442,,,-1.1280424746089608,,,,-0.15634005852443522,,,,0.8035438730868378,,,-0.7073358939021119,
Producto interno bruto|Actividades terciarias,,0.6640014214993357,,,0.9760670202552717,,,,1.6516745355958449,,,,0.7472154063175083,,,1.3722340925716452,
