Date,Price,Open,High,Low,Vol.,Change %
2022-12-21,82.43,80.13,82.71,79.73,,3.14%
2022-12-20,79.92,80.45,81.09,78.48,,-0.49%
2022-12-19,80.31,79.89,81.08,78.83,,0.50%
2022-12-18,79.91,79.27,79.92,79.25,,0.58%
2022-12-16,79.45,81.66,82.06,78.57,,-2.78%
2022-12-15,81.72,83.03,83.48,81.14,,-1.68%
2022-12-14,83.12,80.59,83.47,80.44,,2.95%
2022-12-13,80.74,78.54,81.62,78.44,,3.01%
2022-12-12,78.38,77.31,78.93,75.59,,1.36%
2022-12-11,77.33,77.22,77.68,77.11,,0.39%
2022-12-09,77.03,77.12,77.85,75.52,,0.18%
2022-12-08,76.89,77.78,79.59,76.18,,-1.18%
2022-12-07,77.81,80.22,80.94,77.39,,-3.00%
2022-12-06,80.22,83.71,84.17,79.18,,-3.92%
2022-12-05,83.49,87.52,88.97,83.05,,-4.52%
2022-12-04,87.44,86.3,87.55,86.05,,1.05%
2022-12-02,86.53,87.47,88.53,85.81,,-1.52%
2022-12-01,87.87,87.36,89.98,86.9,,0.68%
2022-11-30,87.28,85.44,88.04,85.09,,1.97%
2022-11-29,85.59,83.91,87.34,83.91,,1.97%
2022-11-28,83.94,84.09,85.31,81.47,,-0.20%
2022-11-27,84.11,84.31,84.52,83.97,,-0.68%
2022-11-25,84.69,86.12,87.63,84.4,,-1.31%
2022-11-24,85.81,85.59,86.1,84.75,,0.68%
2022-11-23,85.23,89.01,90.06,84.7,,-4.09%
2022-11-22,88.86,88.29,90.45,87.9,,0.57%
2022-11-21,88.36,88.37,88.4,82.93,,0.01%
2022-11-20,88.35,88.35,88.59,88.34,,-0.36%
2022-11-18,88.67,91.19,91.45,86.59,,-2.39%
2022-11-17,90.84,93.66,93.79,90.41,,-2.92%
2022-11-16,93.57,94.91,95.77,92.65,,-1.25%
2022-11-15,94.75,93.76,96.78,92.59,,1.30%
2022-11-14,93.53,97.95,98.09,93.53,,-4.52%
2022-11-13,97.96,97.09,97.97,96.94,,0.79%
2022-11-11,97.19,95.05,98.25,94.98,,2.68%
2022-11-10,94.65,93.91,95.67,93.07,,0.90%
2022-11-09,93.81,96.66,97.09,93.68,,-2.78%
2022-11-08,96.49,99.78,99.86,96.45,,-3.03%
2022-11-07,99.5,98.47,101.21,98.47,,1.05%
2022-11-06,98.47,98.73,98.8,98.2,,-1.99%
2022-11-04,100.47,96.31,100.65,96.1,,4.27%
2022-11-03,96.36,97.16,97.83,96.04,,-1.11%
2022-11-02,97.44,96.78,98.41,95.92,,0.80%
2022-11-01,96.67,94.48,97.54,94.27,,1.96%
2022-10-31,94.81,96.25,96.39,93.46,,-1.48%
2022-10-30,96.23,96.34,96.39,96.06,,-0.20%
2022-10-28,96.42,96.88,97.14,95.24,,-0.55%
2022-10-27,96.95,96.4,97.62,95.48,,0.50%
2022-10-26,96.47,93.39,96.59,92.68,,3.00%
2022-10-25,93.66,93.83,94.87,92.07,,-0.18%
2022-10-24,93.83,94.07,94.72,91.53,,-0.23%
2022-10-23,94.05,93.83,94.31,93.83,,0.14%
2022-10-21,93.92,92.78,94.2,91.41,,0.92%
2022-10-20,93.06,92.71,95.21,92.35,,0.04%
2022-10-19,93.02,91.27,93.31,89.84,,2.12%
2022-10-18,91.09,92.55,93.15,89.26,,-1.49%
2022-10-17,92.47,92.88,93.76,91.38,,-0.44%
2022-10-16,92.88,92.14,92.94,92.14,,0.62%
2022-10-14,92.31,95.12,95.78,91.94,,-3.18%
2022-10-13,95.34,93.14,95.61,91.78,,2.38%
2022-10-12,93.12,94.47,95.91,92.31,,-1.52%
2022-10-11,94.56,96.62,97.25,93.88,,-2.35%
2022-10-10,96.84,98.78,99.5,96.44,,-1.95%
2022-10-09,98.77,99.52,99.52,98.5,,-0.71%
2022-10-07,99.48,95.79,99.54,94.86,,3.78%
2022-10-06,95.86,94.66,95.94,93.69,,1.26%
2022-10-05,94.67,92.84,94.94,91.94,,2.05%
2022-10-04,92.77,89.8,93.41,89.78,,3.42%
2022-10-03,89.7,88.95,90.84,88.1,,0.84%
2022-10-02,88.95,87.76,89,87.65,,2.96%
2022-09-30,86.39,88.62,89.73,86.08,,-2.38%
2022-09-29,88.5,88.84,89.87,87.3,,-0.66%
2022-09-28,89.09,86.02,89.38,84.08,,4.10%
2022-09-27,85.58,83.97,86.94,83.94,,1.98%
2022-09-26,83.92,87.04,87.67,83.62,,-3.57%
2022-09-25,87.03,86.75,87.03,86.45,,0.20%
2022-09-23,86.86,90.73,91.22,85.86,,-4.23%
2022-09-22,90.7,90.34,93.23,89.73,,0.28%
2022-09-21,90.45,91.21,93.98,89.78,,-1.02%
2022-09-20,91.38,92.74,93.57,90.34,,-0.92%
2022-09-19,92.23,92.54,93.15,89.07,,-0.35%
2022-09-18,92.55,91.95,92.65,91.95,,0.23%
2022-09-16,92.34,91.19,93.39,90.97,,0.92%
2022-09-15,91.5,95.44,95.44,90.81,,-4.07%
2022-09-14,95.38,94.31,96.65,92.76,,1.18%
2022-09-13,94.27,95.12,96.41,91.95,,-0.94%
2022-09-12,95.16,93.42,96.11,92.13,,1.90%
2022-09-11,93.39,93.22,93.73,93.22,,0.14%
2022-09-09,93.26,89.72,94.2,89.6,,4.14%
2022-09-08,89.55,88.96,90.93,88.31,,0.80%
2022-09-07,88.84,93.97,94.98,88.52,,-5.54%
2022-09-06,94.05,96.53,97.2,93.53,,-2.74%
2022-09-05,96.7,95.87,98.33,95.53,,0.90%
2022-09-04,95.84,94.38,95.88,94.38,,1.21%
2022-09-02,94.69,94.19,96.78,94.16,,1.10%
2022-09-01,93.66,96.73,97.19,93.31,,-2.95%
2022-08-31,96.51,100,100.63,95.96,,-3.63%
2022-08-30,100.15,104.65,105.24,98.28,,-4.35%
2022-08-29,104.7,100.62,104.99,100.5,,4.05%
2022-08-28,100.62,100.62,100.97,99.97,,-0.16%
2022-08-26,100.78,100.84,102.02,98.82,,-0.16%
2022-08-25,100.94,102.78,103.53,100.18,,-1.81%
2022-08-24,102.8,101.19,102.93,100.28,,1.59%
2022-08-23,101.19,98.02,101.62,97.66,,3.47%
2022-08-22,97.8,96.94,98.53,93.57,,0.89%
2022-08-21,96.94,96.96,97.06,96.69,,-0.48%
2022-08-19,97.41,98.31,99.52,95.87,,-0.80%
2022-08-18,98.2,95.03,99.19,94.76,,3.64%
2022-08-17,94.75,94.5,96.32,93.31,,0.23%
2022-08-16,94.53,95.62,97.94,93.64,,-1.05%
2022-08-15,95.53,99.78,100.22,94.86,,-4.24%
2022-08-14,99.76,100.06,100.34,99.76,,-0.74%
2022-08-12,100.5,101.96,103.01,99.54,,-1.45%
2022-08-11,101.98,99.74,102.94,99.32,,2.24%
2022-08-10,99.75,99.19,100.78,96.35,,0.41%
2022-08-09,99.34,99.28,101.35,97.79,,-0.19%
2022-08-08,99.53,96.98,99.81,96,,2.64%
2022-08-07,96.97,97.34,97.41,96.73,,-0.80%
2022-08-05,97.75,96.96,99.83,96.1,,0.84%
2022-08-04,96.94,100.77,101.25,96.63,,-3.70%
2022-08-03,100.66,103.59,106.32,100.22,,-3.01%
2022-08-02,103.78,103.78,106.47,102.42,,-0.07%
2022-08-01,103.85,107.67,108.7,103.22,,-3.55%
2022-07-31,107.67,108.29,108.31,107.34,,-0.54%
2022-07-29,108.26,107.23,111.3,106.23,,1.09%
2022-07-28,107.09,107.13,109.03,105.69,,-0.03%
2022-07-27,107.12,104.47,107.76,103.59,,2.48%
2022-07-26,104.53,104.65,107.43,103.94,,-0.34%
2022-07-25,104.89,103.64,105.47,101.63,,1.21%
2022-07-24,103.64,103.77,104.31,103.36,,-0.57%
2022-07-22,104.23,104.68,106.52,102.72,,-0.55%
2022-07-21,104.81,107.34,107.7,102.4,,-2.62%
2022-07-20,107.63,108.16,108.47,106.1,,-0.63%
2022-07-19,108.31,106.76,108.72,104.69,,1.38%
2022-07-18,106.84,101.98,107.69,100.6,,4.78%
2022-07-17,101.97,102.09,102.64,101.86,,-0.46%
2022-07-15,102.44,101.37,104.09,99.6,,1.35%
2022-07-14,101.08,100.79,101.91,95.96,,-0.24%
2022-07-13,101.32,100.07,102.85,99.88,,0.54%
2022-07-12,100.78,108.1,108.38,100.63,,-6.83%
2022-07-11,108.17,108.86,109.65,105.58,,-0.62%
2022-07-10,108.84,108.75,109,108.14,,-0.46%
2022-07-08,109.34,107.03,109.71,105.93,,2.67%
2022-07-07,106.5,102.43,108.68,100.69,,4.37%
2022-07-06,102.04,107.41,108.28,100.84,,-4.87%
2022-07-05,107.26,116.29,117.47,103.56,,-7.86%
2022-07-04,116.41,114.08,116.84,113.16,,2.04%
2022-07-03,114.08,114.37,114.66,114.05,,-0.37%
2022-07-01,114.5,112.54,115.58,111.05,,1.97%
2022-06-30,112.29,115.58,116.51,111.34,,-2.80%
2022-06-29,115.52,117.25,119.69,115.09,,-1.59%
2022-06-28,117.39,115.06,117.61,114.92,,2.34%
2022-06-27,114.71,111.44,115.41,110.55,,2.93%
2022-06-26,111.44,112.03,112.16,110.78,,-0.67%
2022-06-24,112.19,110.09,113.94,109.34,,2.15%
2022-06-23,109.83,110.09,113.15,108.65,,-0.79%
2022-06-22,110.7,115.03,115.16,107.71,,-4.11%
2022-06-21,115.44,115.04,117.04,114.83,,0.16%
2022-06-20,115.26,114.85,115.35,112.4,,0.37%
2022-06-19,114.84,114.52,115.22,114.42,,0.24%
2022-06-17,114.56,120.25,122.41,112.85,,-4.67%
2022-06-16,120.17,120.75,121.5,116.79,,0.00%
2022-06-15,120.17,122.2,123.22,119.07,,-1.75%
2022-06-14,122.31,123.4,126.62,120.34,,-1.15%
2022-06-13,123.73,121.7,125.13,120.44,,1.67%
2022-06-12,121.7,122.88,123.04,121.5,,-1.52%
2022-06-10,123.58,124.64,126.13,121.6,,-0.94%
2022-06-09,124.75,125.53,126.23,124.43,,-0.79%
2022-06-08,125.74,122.47,126.38,122.38,,2.34%
2022-06-07,122.87,121.89,123.38,120.61,,0.71%
2022-06-06,122,123.35,123.57,120.84,,-1.09%
2022-06-05,123.35,123.64,123.97,123.31,,-0.27%
2022-06-03,123.68,120.5,123.8,118.28,,2.64%
2022-06-02,120.5,117.08,120.84,114.78,,1.91%
2022-06-01,118.24,118.53,121.04,117.83,,-0.40%
2022-05-31,118.72,120.78,123.41,117.69,,-1.32%
2022-05-30,120.31,118.66,120.54,118.5,,1.36%
2022-05-29,118.69,117.97,118.85,117.97,,0.40%
2022-05-27,118.22,117.06,118.62,115.97,,0.95%
2022-05-26,117.11,114.19,117.65,113.67,,2.44%
2022-05-25,114.32,114.09,115.27,113.04,,0.46%
2022-05-24,113.8,113.04,114.85,111.96,,0.10%
2022-05-23,113.69,113.02,114.59,112.17,,0.57%
2022-05-22,113.05,112.75,113.15,112.23,,0.00%
2022-05-20,113.05,111.9,113.61,110.92,,1.11%
2022-05-19,111.81,108.46,112.71,106.1,,1.93%
2022-05-18,109.69,113.32,114.6,108.81,,-3.12%
2022-05-17,113.22,114.82,116.16,111.57,,-1.10%
2022-05-16,114.48,112.91,115.3,109.5,,1.40%
2022-05-15,112.9,112.25,112.98,111.97,,1.03%
2022-05-13,111.75,109.13,112.28,108.38,,3.02%
2022-05-12,108.47,108.41,109.28,105.31,,0.28%
2022-05-11,108.17,102.34,108.92,101.91,,5.85%
2022-05-10,102.19,106.06,107.56,102.18,,-3.58%
2022-05-09,105.98,112.56,113.93,105.66,,-5.85%
2022-05-08,112.57,113.74,113.74,112.19,,-1.18%
2022-05-06,113.91,112.07,114.33,110.71,,1.84%
2022-05-05,111.85,111.38,114.86,110.09,,0.77%
2022-05-04,111,106.72,111.85,106.3,,4.01%
2022-05-03,106.72,108.45,109.2,105.53,,-1.66%
2022-05-02,108.52,107.85,109.29,104,,0.61%
2022-05-01,107.86,107.04,108.31,106.55,,0.25%
2022-04-29,107.59,108.17,111.02,107.18,,-0.59%
2022-04-28,108.23,105.69,108.72,103.91,,2.20%
2022-04-27,105.9,106.12,107.02,104.03,,-0.19%
2022-04-26,106.1,103.31,106.85,101.96,,2.67%
2022-04-25,103.34,105.66,106,100.31,,-2.20%
2022-04-24,105.66,106.38,106.4,105.22,,-1.12%
2022-04-22,106.86,109.15,109.59,106.25,,-2.49%
2022-04-21,109.59,108.03,110.73,107.71,,1.22%
2022-04-20,108.27,109.22,110.04,105.67,,-0.29%
2022-04-19,108.59,114.2,115.39,107.94,,-4.70%
2022-04-18,113.94,114.52,116.15,111.99,,-0.51%
2022-04-17,114.52,113.56,114.98,113.4,,1.18%
2022-04-14,113.19,109.95,114.09,108.31,,2.40%
2022-04-13,110.54,107.1,110.77,105.79,,3.67%
2022-04-12,106.63,101.09,107.41,100.63,,5.43%
2022-04-11,101.14,103.12,103.55,99.4,,-1.92%
2022-04-10,103.12,104.69,104.79,103.03,,-1.36%
2022-04-08,104.54,103.5,105.47,101.81,,0.91%
2022-04-07,103.6,104.31,105.88,100.69,,-0.41%
2022-04-06,104.03,108.09,111.18,102.97,,-3.77%
2022-04-05,108.1,111.41,112.56,107.08,,-2.23%
2022-04-04,110.56,106.13,111.28,105.68,,4.19%
2022-04-03,106.11,106.05,106.4,105.94,,-1.10%
2022-04-01,107.29,108.24,109.13,105.26,,-1.23%
2022-03-31,108.63,114.21,114.38,107.15,,-4.89%
2022-03-30,114.22,113.28,115.65,111.19,,2.05%
2022-03-29,111.93,110.52,115.26,105.44,,1.73%
2022-03-28,110.03,117.79,118.5,109.5,,-6.58%
2022-03-27,117.78,118.77,118.85,116.69,,-1.95%
2022-03-25,120.12,119.19,121.72,115.84,,1.31%
2022-03-24,118.57,122.23,124.44,117.53,,-2.91%
2022-03-23,122.12,115.2,123.09,115.17,,5.98%
2022-03-22,115.23,118.29,120.29,113.47,,-1.67%
2022-03-21,117.19,110.22,117.66,110.22,,6.36%
2022-03-20,110.18,108.92,110.33,108.91,,1.06%
2022-03-18,109.02,107.84,110.65,106.84,,0.96%
2022-03-17,107.98,99.76,108.63,98.92,,9.04%
2022-03-16,99.03,100.47,104.84,98.06,,-0.69%
2022-03-15,99.72,106.61,106.96,98.63,,-7.00%
2022-03-14,107.23,112.26,112.32,104.83,,-4.51%
2022-03-13,112.3,113.77,114.26,111.48,,-1.57%
2022-03-11,114.09,111.84,115.57,108.79,,2.95%
2022-03-10,110.82,114.53,120.16,110.62,,-3.03%
2022-03-09,114.28,132.13,133.76,108.5,,-13.03%
2022-03-08,131.4,127.12,135.36,123.48,,3.85%
2022-03-07,126.53,132.49,133.01,121.17,,-4.51%
2022-03-06,132.5,125.89,140.64,125.89,,10.07%
2022-03-04,120.38,115.77,121.32,111.81,,6.82%
2022-03-03,112.69,117.39,122.25,111.73,,-3.64%
2022-03-02,116.95,109.51,117.55,109.12,,6.41%
2022-03-01,109.9,100.5,109.93,100.46,,9.53%
2022-02-28,100.34,101.63,102.39,99.24,,-1.26%
2022-02-27,101.62,99.17,103.52,99.17,,4.91%
2022-02-25,96.86,99.63,100.79,95.09,,-1.42%
2022-02-24,98.26,97.51,104.85,96.53,,1.12%
2022-02-23,97.17,96.09,98.24,95.25,,1.20%
2022-02-22,96.02,97.06,99.05,95.47,,-1.44%
2022-02-21,97.42,94.96,97.52,92.78,,2.58%
2022-02-20,94.97,94.49,95.22,94.49,,0.94%
2022-02-18,94.09,93.03,94.44,90.55,,0.91%
2022-02-17,93.24,92.57,94.81,92.47,,0.94%
2022-02-16,92.37,93.81,96.42,91.47,,-1.60%
2022-02-15,93.87,96.22,96.65,92.45,,-2.41%
2022-02-14,96.19,95.85,97.18,93.86,,0.37%
2022-02-13,95.84,95.61,95.92,95.19,,0.32%
2022-02-11,95.53,91.63,96.16,90.99,,3.94%
2022-02-10,91.91,92.23,93.59,91.4,,-0.42%
2022-02-09,92.3,91.6,92.6,90.57,,0.51%
2022-02-08,91.83,93.19,93.49,90.49,,-1.82%
2022-02-07,93.53,93.5,94.59,92.72,,0.01%
2022-02-06,93.52,93.46,93.67,93.07,,0.07%
2022-02-04,93.45,91.93,94.37,91.87,,1.93%
2022-02-03,91.68,89.75,91.99,88.68,,1.91%
2022-02-02,89.96,90.16,91.21,88.98,,-0.07%
2022-02-01,90.02,90.36,90.68,88.45,,-0.04%
2022-01-31,90.06,90.15,90.56,88.84,,-0.08%
2022-01-30,90.13,90.05,90.2,89.95,,0.35%
2022-01-28,89.82,89.51,91.09,88.97,,0.14%
2022-01-27,89.69,89.34,90.59,88.63,,0.35%
2022-01-26,89.38,87.84,90.15,87.56,,1.67%
2022-01-25,87.91,86.75,88.23,86.15,,0.83%
2022-01-24,87.19,88.69,88.95,85.1,,-1.70%
2022-01-23,88.7,87.97,88.7,87.69,,1.01%
2022-01-21,87.81,86.75,88.3,85.79,,0.35%
2022-01-20,87.5,87.9,89.58,87.14,,-0.32%
2022-01-19,87.78,88.79,89.25,87.7,,-0.99%
2022-01-18,88.66,86.59,88.75,86.53,,2.33%
2022-01-17,86.64,86.64,86.8,85.65,,-0.01%
2022-01-16,86.65,86.56,86.8,86.43,,0.20%
2022-01-14,86.48,84.21,86.62,84.12,,2.67%
2022-01-13,84.23,84.98,85.19,83.92,,-0.84%
2022-01-12,84.94,83.94,85.33,83.65,,1.24%
2022-01-11,83.9,81.3,84.11,81.02,,3.40%
2022-01-10,81.14,81.6,82.43,80.64,,-0.55%
2022-01-09,81.59,82.03,82.03,81.41,,-0.43%
2022-01-07,81.94,82.15,83.15,81.61,,-0.22%
2022-01-06,82.12,80.33,82.98,79.77,,2.19%
2022-01-05,80.36,80.23,81.65,79.72,,0.04%
2022-01-04,80.33,79.07,80.72,78.78,,1.57%
2022-01-03,79.09,78.58,79.43,77.2,,0.66%
2022-01-02,78.57,78.28,78.65,78.28,,0.61%
2021-12-31,78.09,79.03,79.87,77.74,,-1.53%
2021-12-30,79.3,79.29,80.21,78.61,,-0.14%
2021-12-29,79.41,79.16,80.23,78.31,,0.44%
2021-12-28,79.06,78.5,79.68,78.27,,0.32%
2021-12-27,78.81,76.34,78.88,75.59,,3.26%
2021-12-26,76.32,76.41,76.45,76.05,,0.67%
2021-12-24,75.81,76.77,76.77,75.62,,-1.22%
2021-12-23,76.75,75.68,77.02,75,,1.23%
2021-12-22,75.82,74.28,75.88,73.87,,2.18%
2021-12-21,74.2,72.13,74.52,71.48,,2.61%
2021-12-20,72.31,72.37,72.69,69.54,,-0.04%
2021-12-19,72.34,72.97,72.98,71.97,,-1.35%
2021-12-17,73.33,74.9,75.32,72.99,,-2.15%
2021-12-16,74.94,74.8,75.95,74.36,,0.25%
2021-12-15,74.75,73.62,74.96,72.88,,1.56%
2021-12-14,73.6,74.88,75.56,72.97,,-1.42%
2021-12-13,74.66,76.31,76.83,74.62,,-2.16%
2021-12-12,76.31,75.85,76.38,75.85,,0.58%
2021-12-10,75.87,74.52,76.22,74.32,,1.77%
2021-12-09,74.55,76.47,77.24,74.38,,-2.51%
2021-12-08,76.47,76.02,76.94,74.94,,0.78%
2021-12-07,75.88,74.07,76.81,73.79,,2.33%
2021-12-06,74.15,71.75,74.37,71.41,,3.34%
2021-12-05,71.75,70.97,71.84,70.97,,1.70%
2021-12-03,70.55,70.92,73.25,69.87,,-0.80%
2021-12-02,71.12,70.31,71.35,66.41,,2.26%
2021-12-01,69.55,70.47,73.56,68.81,,-1.93%
2021-11-30,70.92,74.91,75.08,68.19,,-4.12%
2021-11-29,73.97,75.31,76.72,72.93,,-1.78%
2021-11-28,75.31,73.56,75.68,73.56,,3.76%
2021-11-26,72.58,81.05,81.21,71.84,,-11.51%
2021-11-25,82.02,81.94,82.35,81.47,,0.06%
2021-11-24,81.97,81.84,82.86,81.63,,-0.19%
2021-11-23,82.13,79.69,82.59,78.75,,3.11%
2021-11-22,79.65,78.59,80.28,78.33,,1.34%
2021-11-21,78.6,78.77,78.77,77.8,,0.98%
2021-11-19,77.84,80.29,81.53,77.47,,-3.23%
2021-11-18,80.44,79.35,80.71,78.59,,1.09%
2021-11-17,79.57,81.36,81.5,79.17,,-2.62%
2021-11-16,81.71,81.25,82.44,80.91,,0.29%
2021-11-15,81.47,82.7,82.77,80.47,,-1.46%
2021-11-14,82.68,82.61,82.87,82.55,,0.29%
2021-11-12,82.44,83.33,83.33,81.72,,-0.75%
2021-11-11,83.06,83.37,83.88,82.15,,-0.17%
2021-11-10,83.2,85.5,86.02,82.6,,-2.95%
2021-11-09,85.73,84,85.8,83.71,,1.79%
2021-11-08,84.22,83.5,84.56,83.44,,0.86%
2021-11-07,83.5,83.12,83.63,83.12,,0.63%
2021-11-05,82.98,81.93,83.78,80.87,,1.74%
2021-11-04,81.56,82.19,85.16,80.85,,-0.48%
2021-11-03,81.95,84.72,84.88,81.77,,-3.33%
2021-11-02,84.77,85.22,85.94,84.48,,-0.56%
2021-11-01,85.25,84,85.87,83.83,,1.51%
2021-10-31,83.98,84.1,84.28,83.77,,-0.60%
2021-10-29,84.49,84.52,85.08,83.38,,-0.28%
2021-10-28,84.73,84.38,84.81,82.43,,0.47%
2021-10-27,84.33,86.18,86.42,84.19,,-2.26%
2021-10-26,86.28,86.15,86.64,85.46,,0.27%
2021-10-25,86.05,85.59,86.69,85.56,,0.54%
2021-10-24,85.59,85.76,85.8,85.44,,-0.26%
2021-10-22,85.81,84.76,86.02,84.06,,0.95%
2021-10-21,85,86.1,86.36,83.62,,-1.33%
2021-10-20,86.15,85.5,86.18,83.93,,0.87%
2021-10-19,85.41,84.52,85.72,84.03,,1.14%
2021-10-18,84.45,85.69,86.39,84.3,,-1.42%
2021-10-17,85.67,85.31,85.78,85.31,,0.46%
2021-10-15,85.28,84.73,85.53,84.6,,0.86%
2021-10-14,84.55,83.97,84.96,83.64,,0.88%
2021-10-13,83.81,83.57,84.17,82.75,,0.00%
2021-10-12,83.81,84.05,84.75,83.23,,-0.44%
2021-10-11,84.18,83.14,85.15,83.09,,1.24%
2021-10-10,83.15,83.13,83.73,83.12,,-0.01%
2021-10-08,83.16,83.01,84.05,82.57,,0.08%
2021-10-07,83.09,81.62,83.15,79.71,,1.98%
2021-10-06,81.48,83.29,84.15,81.27,,-2.13%
2021-10-05,83.25,81.96,83.83,81.88,,1.51%
2021-10-04,82.01,80,82.73,79.46,,2.55%
2021-10-03,79.97,80.09,80.2,79.83,,0.08%
2021-10-01,79.91,79.35,80.19,78.34,,0.99%
2021-09-30,79.13,78.64,80.11,77.32,,0.48%
2021-09-29,78.75,78.37,79.56,77.59,,0.60%
2021-09-28,78.28,79.47,80.82,78.22,,-1.47%
2021-09-27,79.45,78.9,79.93,78.72,,0.70%
2021-09-26,78.9,78.28,78.9,78.28,,0.97%
2021-09-24,78.14,77.44,78.35,77.03,,0.96%
2021-09-23,77.4,76.07,77.5,75.76,,1.80%
2021-09-22,76.03,74.76,76.43,74.67,,1.55%
2021-09-21,74.87,74.59,75.37,73.45,,0.58%
2021-09-20,74.44,75.25,75.41,73.72,,-1.08%
2021-09-19,75.25,75.48,75.62,75.08,,-0.45%
2021-09-17,75.59,75.88,76.04,74.87,,-0.41%
2021-09-16,75.9,75.67,76.17,74.78,,0.13%
2021-09-15,75.8,74.21,76.44,74.09,,2.09%
2021-09-14,74.25,73.95,74.59,73.41,,0.38%
2021-09-13,73.97,73.63,74.26,73.37,,0.46%
2021-09-12,73.63,73.17,73.7,73.03,,0.49%
2021-09-10,73.27,71.68,73.53,71.34,,2.13%
2021-09-09,71.74,72.96,73.61,71.29,,-1.85%
2021-09-08,73.09,72.09,73.37,71.98,,1.56%
2021-09-07,71.97,72.61,73.25,71.54,,-0.81%
2021-09-06,72.56,72.52,73.24,71.97,,0.06%
2021-09-05,72.52,72.98,73.06,72.5,,-0.64%
2021-09-03,72.99,73.37,74.21,72.93,,-0.48%
2021-09-02,73.34,71.79,74,71.44,,2.09%
2021-09-01,71.84,72.21,72.94,70.97,,-0.57%
2021-08-31,72.25,72.72,72.94,71.94,,-0.61%
2021-08-30,72.69,73.18,73.18,71.61,,-0.66%
2021-08-29,73.17,72.75,73.28,72.61,,1.23%
2021-08-27,72.28,71.23,72.39,70.86,,1.53%
2021-08-26,71.19,71.61,71.78,70.42,,-0.67%
2021-08-25,71.67,70.87,72.11,70.47,,0.76%
2021-08-24,71.13,68.89,71.28,68.77,,3.04%
2021-08-23,69.03,65.71,69.17,65.71,,5.05%
2021-08-22,65.71,65.22,65.81,65.15,,0.61%
2021-08-20,65.31,66.94,67.27,65.31,,-2.32%
2021-08-19,66.86,67.97,68.03,65.95,,-1.50%
2021-08-18,67.88,69.4,70.44,67.63,,-2.37%
2021-08-17,69.53,70.22,70.45,69.29,,-0.71%
2021-08-16,70.03,70.74,70.88,68.64,,-1.02%
2021-08-15,70.75,70.63,70.94,70.55,,-0.11%
2021-08-13,70.83,71.67,71.96,70.6,,-1.32%
2021-08-12,71.78,72.07,72.4,71.31,,-0.51%
2021-08-11,72.15,71.33,72.2,69.6,,1.04%
2021-08-10,71.41,69.93,71.79,69.5,,2.35%
2021-08-09,69.77,70.17,70.23,68.17,,-0.57%
2021-08-08,70.17,70.84,70.84,69.66,,-1.13%
2021-08-06,70.97,71.88,73.12,70.97,,-1.31%
2021-08-05,71.91,71.02,72.22,70.46,,1.25%
2021-08-04,71.02,73.11,73.59,70.84,,-2.82%
2021-08-03,73.08,73.89,74.35,71.84,,-1.28%
2021-08-02,74.03,75.99,76.02,73.15,,-2.57%
2021-08-01,75.98,76.09,76.2,75.97,,-0.14%
2021-07-30,76.09,75.74,76.61,75.34,,0.37%
2021-07-29,75.81,74.85,76.14,74.68,,1.28%
2021-07-28,74.85,74.85,75.37,74.5,,0.07%
2021-07-27,74.8,74.8,75.14,74.13,,-0.15%
2021-07-26,74.91,74.27,74.94,72.88,,0.69%
2021-07-23,74.4,73.78,74.41,73.51,,0.76%
2021-07-22,73.84,72.44,74.11,71.96,,1.93%
2021-07-21,72.44,69.19,72.59,68.87,,5.15%
2021-07-20,68.89,69.31,69.97,67.71,,-0.19%
2021-07-19,69.02,73.34,73.53,68.16,,-5.93%
2021-07-18,73.37,73.28,73.62,72.91,,-0.18%
2021-07-16,73.5,73.47,74.45,72.71,,-0.16%
2021-07-15,73.62,74.9,74.96,73.58,,-1.76%
2021-07-14,74.94,76.68,77.13,74.23,,-2.40%
2021-07-13,76.78,75.74,77.04,75.38,,1.53%
2021-07-12,75.62,76.08,76.18,74.69,,-0.62%
2021-07-11,76.09,76.17,76.31,76.05,,-0.04%
2021-07-09,76.12,74.88,76.34,74.32,,1.66%
2021-07-08,74.88,73.91,74.95,72.66,,1.30%
2021-07-07,73.92,75.32,76.58,73.18,,-2.13%
2021-07-06,75.53,77.72,78.46,74.74,,-2.87%
2021-07-05,77.76,76.78,77.89,76.34,,1.28%
2021-07-04,76.78,76.84,76.91,76.64,,0.00%
2021-07-02,76.78,76.33,77.15,75.95,,0.60%
2021-07-01,76.32,75.4,77.47,75.28,,1.25%
2021-06-30,75.38,75.38,76.09,74.68,,-0.04%
2021-06-29,75.41,74.88,75.76,74.13,,0.80%
2021-06-28,74.81,76.32,76.61,74.73,,-1.99%
2021-06-27,76.33,76.15,76.34,76.15,,0.22%
2021-06-25,76.16,75.59,76.25,75.01,,0.71%
2021-06-24,75.62,75.34,75.81,74.56,,0.21%
2021-06-23,75.46,74.81,76.05,74.77,,0.87%
2021-06-22,74.81,74.91,75.37,74.4,,-0.12%
2021-06-21,74.9,73.7,75.01,73.05,,1.56%
2021-06-20,73.75,73.34,73.88,73.34,,0.66%
2021-06-18,73.27,73.02,73.84,72.27,,0.23%
2021-06-17,73.1,73.91,74.57,72.11,,-1.14%
2021-06-16,73.94,74.34,75.05,73.94,,-0.54%
2021-06-15,74.34,73.13,74.42,72.9,,1.56%
2021-06-14,73.2,72.87,73.74,72.73,,0.44%
2021-06-13,72.88,72.75,72.95,72.69,,0.22%
2021-06-11,72.72,72.5,73.2,72,,0.28%
2021-06-10,72.52,72.14,73.04,71.09,,0.46%
2021-06-09,72.19,72.29,73,71.96,,0.00%
2021-06-08,72.19,71.54,72.56,70.85,,0.82%
2021-06-07,71.6,72.09,72.41,71.25,,-0.68%
2021-06-06,72.09,71.85,72.1,71.84,,0.40%
2021-06-04,71.8,71.42,72.32,70.91,,0.34%
2021-06-03,71.56,71.41,72.15,70.83,,0.25%
2021-06-02,71.38,70.67,71.65,70.53,,0.83%
2021-06-01,70.79,69.54,71.51,69.46,,1.93%
2021-05-31,69.45,69.11,70,68.93,,0.51%
2021-05-30,69.1,69.23,69.28,69.06,,-0.16%
2021-05-28,69.21,69.66,69.93,68.78,,-0.26%
2021-05-27,69.39,68.85,69.45,68.15,,0.80%
2021-05-26,68.84,68.6,69.22,68.09,,0.28%
2021-05-25,68.65,68.57,68.95,67.91,,0.26%
2021-05-24,68.47,66.59,68.71,66.56,,2.87%
2021-05-23,66.56,66.7,66.75,66.55,,-0.37%
2021-05-21,66.81,65.34,67.06,64.71,,2.53%
2021-05-20,65.16,66.78,67.32,64.95,,-2.48%
2021-05-19,66.82,68.57,68.63,65.47,,-2.74%
2021-05-18,68.7,69.75,70.43,67.48,,-1.51%
2021-05-17,69.75,69.11,69.83,68.44,,0.91%
2021-05-16,69.12,69.03,69.24,68.97,,0.04%
2021-05-14,69.09,67.27,69.12,66.77,,2.71%
2021-05-13,67.27,69.15,69.31,66.75,,-2.94%
2021-05-12,69.31,69.08,70.19,68.47,,0.49%
2021-05-11,68.97,68.65,69.05,67.45,,0.61%
2021-05-10,68.55,69.22,69.51,67.74,,-0.97%
2021-05-09,69.22,69,69.31,68.9,,0.92%
2021-05-07,68.59,68.65,69.01,67.76,,-0.06%
2021-05-06,68.63,68.84,69.75,68.35,,-0.42%
2021-05-05,68.92,69.88,70.36,68.75,,-1.13%
2021-05-04,69.71,68.12,69.74,67.78,,2.42%
2021-05-03,68.06,67.34,68.25,66.53,,1.07%
2021-05-02,67.34,67.18,67.37,67.12,,0.31%
2021-04-30,67.13,68.37,68.45,66.76,,-1.99%
2021-04-29,68.49,67.19,68.93,67.14,,2.18%
2021-04-28,67.03,66.58,67.86,66.15,,0.59%
2021-04-27,66.64,65.8,66.82,65.69,,1.31%
2021-04-26,65.78,65.9,66.28,64.6,,-0.18%
2021-04-25,65.9,66.1,66.22,65.87,,-0.20%
2021-04-23,66.03,65.8,66.34,65.21,,0.43%
2021-04-22,65.75,65.15,65.87,64.63,,1.00%
2021-04-21,65.1,66.34,66.57,65.02,,-1.91%
2021-04-20,66.37,67.25,68.12,65.58,,-1.19%
2021-04-19,67.17,66.47,67.29,66.24,,1.05%
2021-04-18,66.47,66.78,66.83,66.45,,-0.48%
2021-04-16,66.79,66.94,67.45,66.55,,-0.15%
2021-04-15,66.89,66.4,67.11,66.03,,0.83%
2021-04-14,66.34,64.1,66.97,63.96,,3.61%
2021-04-13,64.03,63.4,64.26,63.27,,1.28%
2021-04-12,63.22,63.37,64.38,62.5,,-0.24%
2021-04-11,63.37,63.09,63.39,63.09,,0.40%
2021-04-09,63.12,63.36,63.59,62.68,,-0.50%
2021-04-08,63.44,63.15,63.53,62.49,,0.65%
2021-04-07,63.03,62.73,63.66,61.72,,0.35%
2021-04-06,62.81,62.45,64.39,62.19,,0.69%
2021-04-05,62.38,64.79,64.88,61.37,,-3.70%
2021-04-04,64.78,64.88,64.9,64.41,,0.00%
2021-04-01,64.78,63.27,65.3,62.54,,2.53%
2021-03-31,63.18,64.17,64.96,62.68,,-1.54%
2021-03-30,64.17,65.52,65.52,63.67,,-1.75%
2021-03-29,65.31,64.55,65.55,63.21,,1.18%
2021-03-28,64.55,64.66,64.66,64.12,,0.03%
2021-03-26,64.53,62.14,65.04,62.09,,4.16%
2021-03-25,61.95,64.08,64.35,61.16,,-3.71%
2021-03-24,64.34,60.75,64.74,60.67,,6.15%
2021-03-23,60.61,64.53,64.53,60.48,,-6.06%
2021-03-22,64.52,64.23,65.3,63.7,,0.44%
2021-03-21,64.24,64.38,64.56,64.19,,-0.99%
2021-03-19,64.88,63.31,65.23,62.39,,2.58%
2021-03-18,63.25,68.29,68.52,61.85,,-7.20%
2021-03-17,68.16,68.85,69.28,67.36,,-1.09%
2021-03-16,68.91,69.28,69.38,67.8,,-0.39%
2021-03-15,69.18,69.96,70.49,68.3,,-1.10%
2021-03-14,69.95,69.81,70.19,69.78,,0.33%
2021-03-12,69.72,70,70.44,69.57,,-0.60%
2021-03-11,70.14,69,70.41,68.56,,2.07%
2021-03-10,68.72,67.9,69.01,67.09,,1.24%
2021-03-09,67.88,68.73,69.95,67.73,,-1.22%
2021-03-08,68.72,71.1,72.04,68.46,,-3.33%
2021-03-07,71.09,70.66,71.77,70.66,,1.15%
2021-03-05,70.28,67.91,70.42,67.38,,3.44%
2021-03-04,67.94,64.78,68.46,64.08,,5.07%
2021-03-03,64.66,63.11,65.43,63.11,,2.16%
2021-03-02,63.29,63.91,64.88,63.12,,-1.22%
2021-03-01,64.07,66.19,66.71,63.94,,-1.88%
2021-02-26,65.3,66.82,66.88,65.12,,-2.42%
2021-02-25,66.92,67.33,67.73,66.56,,-0.62%
2021-02-24,67.34,65.18,67.38,64.82,,3.35%
2021-02-23,65.16,65.43,66.81,64.52,,-1.05%
2021-02-22,65.85,63.36,65.9,63.23,,4.86%
2021-02-19,62.8,63.35,64.01,62.19,,-1.24%
2021-02-18,63.59,65.17,65.6,63.31,,-2.05%
2021-02-17,64.92,63.21,65.06,62.84,,1.96%
2021-02-16,63.67,63.53,63.8,62.8,,0.43%
2021-02-15,63.4,63.2,63.88,63.16,,0.94%
2021-02-12,62.81,60.92,62.97,60.49,,2.97%
2021-02-11,61,61.18,61.64,60.88,,-0.38%
2021-02-10,61.23,61.36,61.85,61.03,,-0.31%
2021-02-09,61.42,61.03,61.48,60.22,,0.92%
2021-02-08,60.86,60.06,60.86,59.95,,1.84%
2021-02-05,59.76,59.38,59.98,59.27,,0.81%
2021-02-04,59.28,58.73,59.28,58.26,,0.75%
2021-02-03,58.84,58.02,59.12,57.71,,1.36%
2021-02-02,58.05,56.61,58.26,56.54,,2.80%
2021-02-01,56.47,55.12,56.72,55.02,,2.21%
2021-01-29,55.25,55.29,56.27,55.14,,0.00%
2021-01-28,55.25,55.36,56.45,55.17,,-0.50%
2021-01-27,55.53,56.06,56.45,55.2,,-0.98%
2021-01-26,56.08,55.94,56.34,55.4,,0.25%
2021-01-25,55.94,55.38,56,55.1,,1.56%
2021-01-22,55.08,55.96,56.02,54.48,,-1.94%
2021-01-21,56.17,55.85,56.23,55.48,,0.86%
2021-01-20,55.69,56,56.61,55.66,,-0.46%
2021-01-19,55.95,55.02,56.06,54.89,,2.19%
2021-01-18,54.75,54.91,55.19,54.48,,-0.22%
2021-01-15,54.87,56.4,56.48,54.66,,-2.78%
2021-01-14,56.44,55.88,56.52,55.23,,0.98%
2021-01-13,55.89,56.87,57.39,55.77,,-1.52%
2021-01-12,56.75,55.63,56.77,55.5,,2.01%
2021-01-11,55.63,55.91,55.98,54.97,,-1.05%
2021-01-08,56.22,54.54,56.28,54.35,,3.16%
2021-01-07,54.5,54.17,54.86,53.92,,0.65%
2021-01-06,54.15,53.64,54.69,53.09,,1.14%
2021-01-05,53.54,50.86,53.81,50.68,,5.77%
2021-01-04,50.62,51.7,53.3,50.55,,-2.07%
2020-12-31,51.69,51.46,51.79,50.87,,0.49%
2020-12-30,51.44,51.32,51.88,50.91,,0.39%
2020-12-29,51.24,51.02,51.65,50.92,,0.63%
2020-12-28,50.92,50.89,52.01,50.74,,-0.82%
2020-12-24,51.34,51.08,51.75,50.61,,0.41%
2020-12-23,51.13,49.58,51.55,49.19,,2.65%
2020-12-22,49.81,50.54,50.84,49.53,,-2.01%
2020-12-21,50.83,51.54,51.56,49.18,,-2.79%
2020-12-18,52.29,51.45,52.43,51.11,,1.61%
2020-12-17,51.46,51.08,51.85,51.06,,0.68%
2020-12-16,51.11,50.59,51.16,50.32,,0.93%
2020-12-15,50.64,50.24,50.84,49.74,,0.68%
2020-12-14,50.3,50.04,50.75,49.18,,0.74%
2020-12-11,49.93,50.47,50.69,49.71,,-0.85%
2020-12-10,50.36,49,51,48.81,,2.86%
2020-12-09,48.96,48.75,49.48,48.35,,0.43%
2020-12-08,48.75,48.5,48.94,48.06,,0.27%
2020-12-07,48.62,48.98,49.37,48.34,,-0.73%
2020-12-04,48.98,48.86,49.79,48.77,,0.51%
2020-12-03,48.73,47.92,48.84,47.61,,1.75%
2020-12-02,47.89,46.95,48.68,46.75,,1.50%
2020-12-01,47.18,47.69,48.22,46.82,,-0.94%
2020-11-30,47.63,47.73,48.2,47,,-1.12%
2020-11-27,48.17,47.79,48.38,47.3,,0.82%
2020-11-26,47.78,48.66,49,47.46,,-2.03%
2020-11-25,48.77,47.72,48.94,47.62,,1.97%
2020-11-24,47.83,45.87,47.91,45.84,,4.62%
2020-11-23,45.72,45.02,45.99,44.79,,1.74%
2020-11-20,44.94,43.98,45.03,43.89,,2.16%
2020-11-19,43.99,43.81,44.39,43.62,,-0.02%
2020-11-18,44,43.52,44.68,43.28,,0.92%
2020-11-17,43.6,43.72,44.05,42.88,,-0.23%
2020-11-16,43.7,42.81,44.42,42.77,,2.97%
2020-11-13,42.44,42.8,43.07,42.39,,-1.30%
2020-11-12,43,43.39,44.19,43,,-1.04%
2020-11-11,43.45,43.41,44.99,43.3,,-0.64%
2020-11-10,43.73,41.44,43.75,41.41,,4.79%
2020-11-09,41.73,39.75,43.15,39.64,,6.02%
2020-11-06,39.36,40.14,40.33,39.01,,-2.69%
2020-11-05,40.45,40.62,41.15,39.96,,-0.95%
2020-11-04,40.84,39.77,40.95,39.05,,2.59%
2020-11-03,39.81,38.85,40.05,38.28,,2.50%
2020-11-02,38.84,35.81,38.96,35.67,,3.63%
2020-10-30,37.48,37.78,38.25,36.99,,-0.66%
2020-10-29,37.73,39.41,39.5,36.84,,-3.48%
2020-10-28,39.09,40.58,40.66,38.79,,-3.88%
2020-10-27,40.67,40.44,41.44,40.36,,0.64%
2020-10-26,40.41,41.06,41.27,40.17,,-2.74%
2020-10-23,41.55,42.27,42.69,41.41,,-1.77%
2020-10-22,42.3,41.49,42.66,41.34,,1.71%
2020-10-21,41.59,42.78,42.9,41.34,,-2.46%
2020-10-20,42.64,42.29,43.14,42.03,,0.78%
2020-10-19,42.31,42.84,43.06,42.2,,-0.70%
2020-10-16,42.61,42.85,42.98,42.07,,-0.42%
2020-10-15,42.79,43.18,43.24,41.36,,-0.93%
2020-10-14,43.19,42.17,43.2,41.89,,2.30%
2020-10-13,42.22,41.55,42.42,41.41,,1.69%
2020-10-12,41.52,42.19,42.34,41.11,,-2.31%
2020-10-09,42.5,43.02,43.25,42.3,,-1.48%
2020-10-08,43.14,41.8,43.14,41.53,,3.13%
2020-10-07,41.83,41.51,42.07,41.03,,0.58%
2020-10-06,41.59,41.01,42.48,40.87,,1.02%
2020-10-05,41.17,39.11,41.41,39.09,,6.08%
2020-10-02,38.81,40.25,40.37,38.41,,-3.77%
2020-10-01,40.33,41.71,42.12,39.52,,-3.26%
2020-09-30,41.69,40.93,42.04,40.39,,1.91%
2020-09-29,40.91,42.38,42.5,40.4,,-3.67%
2020-09-28,42.47,41.81,42.55,41.46,,1.68%
2020-09-25,41.77,41.8,42.25,41.47,,0.19%
2020-09-24,41.69,41.28,41.95,41.19,,0.63%
2020-09-23,41.43,41.62,42.52,41.12,,-0.62%
2020-09-22,41.69,41.71,42.09,41.12,,0.26%
2020-09-21,41.58,42.78,43.18,40.87,,-3.19%
2020-09-18,42.95,43.04,43.64,42.39,,-0.39%
2020-09-17,43.12,42.11,43.34,41.34,,2.33%
2020-09-16,42.14,40.53,42.27,40.42,,4.05%
2020-09-15,40.5,39.52,40.64,39.22,,2.53%
2020-09-14,39.5,39.62,39.89,39.12,,-0.23%
2020-09-11,39.59,39.71,40.12,39.17,,0.28%
2020-09-10,39.48,40.27,40.71,39.48,,-2.23%
2020-09-09,40.38,39.4,40.95,39.12,,2.25%
2020-09-08,39.49,41.81,41.95,39.06,,-5.46%
2020-09-07,41.77,41.4,42.14,41.4,,-0.62%
2020-09-04,42.03,43.38,44.2,41.99,,-3.73%
2020-09-03,43.66,44.14,44.22,42.83,,-0.91%
2020-09-02,44.06,45.4,45.66,43.85,,-2.97%
2020-09-01,45.41,45.22,45.83,45.08,,0.49%
2020-08-31,45.19,45.55,46.12,44.82,,-0.55%
2020-08-28,45.44,45.12,45.45,44.9,,0.49%
2020-08-27,45.22,45.69,45.87,44.61,,-1.33%
2020-08-26,45.83,45.97,46.07,45.55,,-0.37%
2020-08-25,46,45.09,46.02,45.03,,2.22%
2020-08-24,45,44.39,45.13,44.23,,1.76%
2020-08-21,44.22,44.89,45,43.52,,-1.23%
2020-08-20,44.77,45.01,45.07,43.94,,-0.69%
2020-08-19,45.08,45.06,45.37,44.71,,0.40%
2020-08-18,44.9,45.12,45.41,44.64,,-0.53%
2020-08-17,45.14,44.91,45.27,44.39,,0.80%
2020-08-14,44.78,45.04,45.04,44.31,,-0.25%
2020-08-13,44.89,45.07,45.39,44.65,,-0.55%
2020-08-12,45.14,44.33,45.42,44.3,,1.87%
2020-08-11,44.31,44.8,45.56,44.2,,-0.98%
2020-08-10,44.75,44.49,45.05,44.37,,0.77%
2020-08-07,44.41,44.91,45.04,44.03,,-1.00%
2020-08-06,44.86,45.02,45.42,44.59,,-0.47%
2020-08-05,45.07,44.03,45.94,43.97,,2.27%
2020-08-04,44.07,43.44,44.53,42.97,,1.12%
2020-08-03,43.58,43.15,44.16,42.61,,0.60%
2020-07-31,43.32,43.3,43.45,42.62,,0.09%
2020-07-30,43.28,43.76,43.87,41.45,,-1.05%
2020-07-29,43.74,43.31,43.93,43.2,,1.09%
2020-07-28,43.27,43.56,43.83,43.02,,-0.46%
2020-07-27,43.47,43.11,43.77,42.39,,0.32%
2020-07-24,43.33,43.3,43.88,42.78,,0.02%
2020-07-23,43.32,44.11,44.76,43.12,,-2.17%
2020-07-22,44.28,43.96,44.38,43.61,,0.75%
2020-07-21,43.95,43.2,44.87,43.18,,1.76%
2020-07-20,43.19,43.11,43.41,42.35,,0.23%
2020-07-17,43.09,43.38,43.42,42.61,,-0.69%
2020-07-16,43.39,43.61,43.76,43.11,,-0.50%
2020-07-15,43.61,43.05,43.82,42.68,,1.28%
2020-07-14,43.06,42.23,43.16,41.77,,2.13%
2020-07-13,42.16,42.81,43.3,42.11,,-2.48%
2020-07-10,43.23,42.38,43.37,41.29,,2.20%
2020-07-09,42.3,43.25,43.45,41.9,,-2.26%
2020-07-08,43.28,42.78,43.42,42.71,,0.79%
2020-07-07,42.94,43.05,43.4,42.42,,-0.26%
2020-07-06,43.05,42.89,43.65,42.72,,0.75%
2020-07-03,42.73,42.64,42.93,42.26,,-0.35%
2020-07-02,42.88,41.71,43.16,41.67,,1.97%
2020-07-01,42.05,41.41,42.56,40.98,,1.74%
2020-06-30,41.33,41.71,41.92,40.96,,-1.15%
2020-06-29,41.81,40.33,41.92,39.96,,2.95%
2020-06-26,40.61,41.25,41.64,40.17,,-1.65%
2020-06-25,41.29,40.09,41.48,39.32,,2.94%
2020-06-24,40.11,42.26,42.67,39.46,,-4.82%
2020-06-23,42.14,42.97,43.69,41.96,,-1.43%
2020-06-22,42.75,41.94,42.91,41.56,,2.74%
2020-06-19,41.61,41.38,42.55,40.7,,1.41%
2020-06-18,41.03,39.86,41.24,39.67,,2.17%
2020-06-17,40.16,40.15,41.03,39.62,,-0.27%
2020-06-16,40.27,39.35,41.2,38.52,,2.18%
2020-06-15,39.41,37.75,39.42,36.8,,2.58%
2020-06-12,38.42,37.39,38.89,36.48,,1.72%
2020-06-11,37.77,40.2,40.38,37.27,,-7.31%
2020-06-10,40.75,39.9,41.33,39.51,,1.37%
2020-06-09,40.2,40.48,40.75,39.2,,0.27%
2020-06-08,40.09,42.57,42.57,40,,-2.62%
2020-06-05,41.17,39.06,41.64,38.95,,5.24%
2020-06-04,39.12,38.87,39.28,38.25,,1.24%
2020-06-03,38.64,38.95,39.66,37.97,,-0.21%
2020-06-02,38.72,37.54,38.89,37.44,,2.71%
2020-06-01,37.7,36.81,37.83,36.35,,2.42%
2020-05-29,36.81,35.02,37.2,33.98,,4.43%
2020-05-28,35.25,33.87,35.7,33.49,,3.52%
2020-05-27,34.05,35.53,35.77,33.81,,-4.38%
2020-05-26,35.61,35.09,36.17,34.8,,1.92%
2020-05-25,34.94,34.01,35.33,33.79,,2.25%
2020-05-22,34.17,34.92,35.02,32.48,,-1.67%
2020-05-21,34.75,34.48,35.67,34.45,,0.87%
2020-05-20,34.45,33.02,34.97,32.94,,4.08%
2020-05-19,33.1,34,34.11,32.74,,-2.16%
2020-05-18,33.83,31.82,34.03,31.67,,9.55%
2020-05-15,30.88,29.52,30.96,29.02,,4.75%
2020-05-14,29.48,27.54,29.57,26.96,,7.04%
2020-05-13,27.54,27.34,28.45,26.93,,0.66%
2020-05-12,27.36,27.81,28.45,27.27,,-1.90%
2020-05-11,27.89,28.18,29.04,27.16,,-1.06%
2020-05-08,28.19,26.97,28.39,26.74,,5.58%
2020-05-07,26.7,26.95,28.88,26.42,,-1.15%
2020-05-06,27.01,29,29,25.91,,-6.25%
2020-05-05,28.81,25.19,28.84,24.92,,14.83%
2020-05-04,25.09,23.1,25.17,22.79,,6.54%
2020-05-01,23.55,23.77,24.51,22.76,,0.04%
2020-04-30,23.54,21.64,23.74,21.42,,9.74%
2020-04-29,21.45,19.94,22.07,19.88,,5.98%
2020-04-28,20.24,19.29,20.75,18.52,,2.58%
2020-04-27,19.73,21.52,21.52,18.83,,-7.37%
2020-04-24,21.3,21.23,21.96,19.88,,1.87%
2020-04-23,20.91,20.17,22.37,19.34,,3.98%
2020-04-22,20.11,19.45,21.56,15.34,,7.60%
2020-04-21,18.69,25.09,25.27,16.77,,-24.88%
2020-04-20,24.88,26.44,26.8,24.17,,-6.54%
2020-04-17,26.62,26.98,27.05,25.85,,0.23%
2020-04-16,26.56,26.15,27.05,25.41,,2.11%
2020-04-15,26.01,28.04,28.09,25.25,,-6.47%
2020-04-14,27.81,29.7,29.79,27.2,,-5.21%
2020-04-13,29.34,29.38,30.5,28.15,,1.84%
2020-04-09,28.81,30.43,32.83,28.33,,-4.82%
2020-04-08,30.27,29.17,30.38,28.33,,4.38%
2020-04-07,29,30.16,30.45,28.38,,-2.23%
2020-04-06,29.66,28.34,30.39,28.15,,-2.91%
2020-04-03,30.55,26.02,30.7,24.73,,17.68%
2020-04-02,25.96,22.29,30.86,22.14,,16.57%
2020-04-01,22.27,22.48,22.73,21.33,,-0.76%
2020-03-31,22.44,22.96,24.07,22.21,,-1.54%
2020-03-30,22.79,23.48,23.85,21.67,,-9.09%
2020-03-27,25.07,26.73,27.04,24.2,,-7.11%
2020-03-26,26.99,27.46,27.79,26.08,,-2.03%
2020-03-25,27.55,27.75,28.34,25.84,,-0.61%
2020-03-24,27.72,27.91,28.7,26.75,,0.29%
2020-03-23,27.64,25.34,27.64,25.19,,0.66%
2020-03-20,27.46,28.86,31.02,26.9,,-2.56%
2020-03-19,28.18,26.84,29.36,25.06,,5.98%
2020-03-18,26.59,28.6,29.31,24.62,,-8.15%
2020-03-17,28.95,30.23,31.36,28.62,,-3.14%
2020-03-16,29.89,32.39,33.41,29.59,,-14.13%
2020-03-13,34.81,32.94,36.29,32.67,,5.39%
2020-03-12,33.03,36.23,36.66,32.68,,-8.33%
2020-03-11,36.03,37.64,39.79,35.56,,-5.28%
2020-03-10,38.04,36.59,38.43,35.22,,13.45%
2020-03-09,33.53,35.53,37.62,31.48,,-26.87%
2020-03-06,45.85,50.59,50.8,45.5,,-9.26%
2020-03-05,50.53,52.03,52.41,50.06,,-2.62%
2020-03-04,51.89,52.64,53.42,51.44,,-0.35%
2020-03-03,52.07,54.08,54.28,51.62,,-2.71%
2020-03-02,53.52,49.78,53.61,49.73,,5.94%
2020-02-28,50.52,51.53,51.57,49.37,,-1.81%
2020-02-27,51.45,53.22,53.31,51.02,,-3.89%
2020-02-26,53.53,55.2,55.53,53.11,,-2.67%
2020-02-25,55,56.62,57.09,54.73,,-2.41%
2020-02-24,56.36,57.1,57.36,55.27,,-3.97%
2020-02-21,58.69,59.27,59.52,57.98,,-1.23%
2020-02-20,59.42,59.61,60.28,59.2,,-0.42%
2020-02-19,59.67,58.02,59.72,57.84,,2.86%
2020-02-18,58.01,57.64,58.16,56.66,,0.10%
2020-02-17,57.95,57.66,58.08,57.23,,0.24%
2020-02-14,57.81,56.89,58.01,56.65,,1.47%
2020-02-13,56.97,56.24,57.34,55.47,,0.14%
2020-02-12,56.89,54.97,56.91,54.95,,3.79%
2020-02-11,54.81,54.27,55.23,54.23,,1.61%
2020-02-10,53.94,54.44,55.31,53.68,,-2.14%
2020-02-07,55.12,55.92,56.11,54.9,,-1.27%
2020-02-06,55.83,56.35,57.33,54.97,,-0.91%
2020-02-05,56.34,54.84,57.24,54.83,,3.22%
2020-02-04,54.58,55.14,56.44,54.47,,-0.80%
2020-02-03,55.02,56.75,57.62,54.89,,-4.45%
2020-01-31,57.58,59.29,59.53,56.86,,-2.56%
2020-01-30,59.09,59.65,59.73,57.77,,-0.97%
2020-01-29,59.67,59.89,60.7,59.33,,-0.78%
2020-01-28,60.14,59.16,60.22,58.62,,1.85%
2020-01-27,59.05,59.25,59.98,58.66,,-2.97%
2020-01-24,60.86,62.36,62.74,60.5,,-2.37%
2020-01-23,62.34,62.97,63,61.55,,-1.02%
2020-01-22,62.98,64.91,64.93,62.95,,-2.94%
2020-01-21,64.89,65.67,65.75,64.45,,-1.17%
2020-01-20,65.66,66.18,66.23,65.34,,0.06%
2020-01-17,65.62,65.25,65.68,65.03,,0.61%
2020-01-16,65.22,64.87,65.52,64.48,,0.59%
2020-01-15,64.84,65.03,65.22,64.16,,-0.35%
2020-01-14,65.07,64.95,65.69,64.59,,0.25%
2020-01-13,64.91,65.55,65.96,64.6,,-1.44%
2020-01-10,65.86,66.21,66.47,65.67,,-0.45%
2020-01-09,66.16,66.87,66.97,65.38,,-0.76%
2020-01-08,66.67,72.16,72.28,65.81,,-4.03%
2020-01-07,69.47,69.61,69.72,68.62,,-0.12%
2020-01-06,69.55,70.6,71.8,69.22,,-0.32%
2020-01-03,69.77,67.38,70.63,67.34,,3.45%
2020-01-02,67.44,67.51,67.7,66.84,,0.34%
2019-12-31,67.21,67.87,68.14,66.84,,-1.03%
2019-12-30,67.91,68.2,68.84,67.32,,-0.45%
2019-12-27,68.22,67.97,68.39,67.65,,0.25%
2019-12-26,68.05,67.39,68.05,67.32,,1.07%
2019-12-24,67.33,66.6,67.39,66.51,,0.93%
2019-12-23,66.71,66.27,66.76,65.97,,0.66%
2019-12-20,66.27,66.82,66.93,65.97,,-0.81%
2019-12-19,66.81,66.46,67.01,66.28,,0.60%
2019-12-18,66.41,66.16,66.68,65.83,,0.50%
2019-12-17,66.08,65.6,66.52,65.4,,0.75%
2019-12-16,65.59,65.19,65.95,65.19,,0.47%
2019-12-13,65.28,65,66.12,64.86,,0.68%
2019-12-12,64.84,64.29,65.22,64.25,,0.82%
2019-12-11,64.31,64.4,64.66,63.41,,-0.39%
2019-12-10,64.56,64.46,65.12,64.2,,0.12%
2019-12-09,64.48,64.59,64.94,64.05,,-0.60%
2019-12-06,64.87,63.97,65.38,63.33,,1.71%
2019-12-05,63.78,63.46,64.43,63.26,,0.35%
2019-12-04,63.56,61.59,64.03,61.53,,3.01%
2019-12-03,61.7,61.59,62.1,60.84,,0.44%
2019-12-02,61.43,61.64,62.65,61.31,,0.11%
2019-11-29,61.36,63.8,63.84,60.96,,-4.04%
2019-11-28,63.94,63.86,64.02,63.22,,-0.34%
2019-11-27,64.16,64.07,64.63,63.55,,-0.05%
2019-11-26,64.19,63.73,64.37,63.51,,0.90%
2019-11-25,63.62,63.64,63.87,63.04,,-0.06%
2019-11-22,63.66,63.75,64.37,63.09,,-0.31%
2019-11-21,63.86,62.31,64.15,62.06,,2.05%
2019-11-20,62.58,61.11,62.93,60.45,,2.74%
2019-11-19,60.91,62.41,62.72,60.84,,-2.45%
2019-11-18,62.44,63.48,63.73,62.12,,-1.89%
2019-11-15,63.64,62.69,63.85,61.91,,1.61%
2019-11-14,62.63,62.82,63.43,62.37,,-0.32%
2019-11-13,62.83,62.12,62.95,61.46,,0.98%
2019-11-12,62.22,62.4,63.11,62.08,,-0.50%
2019-11-11,62.53,62.67,63.02,61.84,,-0.65%
2019-11-08,62.94,62.54,63,60.98,,0.38%
2019-11-07,62.7,62.07,63.2,61.98,,0.98%
2019-11-06,62.09,63.11,63.65,61.92,,-1.88%
2019-11-05,63.28,62.3,63.52,62.29,,1.22%
2019-11-04,62.52,62.03,63.14,61.64,,0.81%
2019-11-01,62.02,59.83,62.05,59.8,,3.56%
2019-10-31,59.89,60.61,61.2,59.61,,-1.24%
2019-10-30,60.64,61.64,61.96,60.48,,-1.65%
2019-10-29,61.66,61.69,62.01,60.7,,0.00%
2019-10-28,61.66,62.14,62.41,61.27,,-0.72%
2019-10-25,62.11,61.69,62.23,61.07,,0.86%
2019-10-24,61.58,61.16,62.05,60.8,,0.51%
2019-10-23,61.27,59.69,61.47,59.03,,2.54%
2019-10-22,59.75,59.18,60.44,58.95,,0.81%
2019-10-21,59.27,59.41,59.75,58.47,,-0.49%
2019-10-18,59.56,60.07,60.55,59.27,,-1.01%
2019-10-17,60.17,59.21,60.28,58.98,,1.36%
2019-10-16,59.36,59.24,60.05,58.67,,0.29%
2019-10-15,59.19,59.58,60.02,58.33,,-0.60%
2019-10-14,59.55,60.97,60.99,58.87,,-2.49%
2019-10-11,61.07,59.92,61.08,59.63,,1.82%
2019-10-10,59.98,58.3,60.02,58.23,,2.13%
2019-10-09,58.73,58.42,59.78,58.36,,0.24%
2019-10-08,58.59,59.01,59.39,57.84,,-0.54%
2019-10-07,58.91,58.66,60.16,58.52,,-0.20%
2019-10-04,59.03,58.23,59.5,58.23,,1.41%
2019-10-03,58.21,58.01,58.52,56.69,,0.21%
2019-10-02,58.09,59.92,60.08,57.8,,-2.89%
2019-10-01,59.82,60.02,60.7,59.01,,-0.35%
2019-09-30,60.03,61.83,61.96,59.83,,-3.08%
2019-09-27,61.94,62.45,62.81,60.83,,-1.16%
2019-09-26,62.67,62.73,62.99,61.55,,0.02%
2019-09-25,62.66,62.59,62.93,61.35,,0.30%
2019-09-24,62.47,64.48,64.74,62.44,,-3.18%
2019-09-23,64.52,65.06,65.34,63.72,,-0.49%
2019-09-20,64.84,65.12,65.48,64.25,,-0.35%
2019-09-19,65.07,63.73,65.8,63.72,,1.97%
2019-09-18,63.81,64.52,65.25,63.31,,-0.95%
2019-09-17,64.42,68.42,69.54,63.83,,-5.78%
2019-09-16,68.37,68.73,69.95,65.14,,13.06%
2019-09-13,60.47,60.79,61.1,59.93,,-0.56%
2019-09-12,60.81,61.51,61.75,59.26,,-0.93%
2019-09-11,61.38,63.26,63.64,60.89,,-2.69%
2019-09-10,63.08,63.48,64.13,62.56,,0.05%
2019-09-09,63.05,62.15,63.41,61.99,,1.56%
2019-09-06,62.08,61.33,62.34,59.87,,1.40%
2019-09-05,61.22,61.03,62.86,60.73,,0.46%
2019-09-04,60.94,58.63,61.45,58.62,,3.78%
2019-09-03,58.72,59,59.37,57.72,,-0.56%
2019-09-02,59.05,59.36,59.78,58.62,,-0.99%
2019-08-30,59.64,60.95,61.21,59.05,,-2.18%
2019-08-29,60.97,60.45,61.2,60.01,,0.86%
2019-08-28,60.45,60.01,61,59.82,,0.62%
2019-08-27,60.08,58.8,60.17,58.53,,2.09%
2019-08-26,58.85,58.43,60.17,58.37,,-0.52%
2019-08-23,59.16,60.17,60.32,58.36,,-1.53%
2019-08-22,60.08,60.5,60.91,59.51,,-0.56%
2019-08-21,60.42,60.2,61.45,60.1,,0.57%
2019-08-20,60.08,59.68,60.34,58.98,,0.47%
2019-08-19,59.8,59.05,59.95,58.79,,1.82%
2019-08-16,58.73,58.47,59.54,58.33,,0.55%
2019-08-15,58.41,59.18,59.46,57.73,,-1.05%
2019-08-14,59.03,61.12,61.13,58.29,,-3.18%
2019-08-13,60.97,58.54,61.55,58.07,,4.36%
2019-08-12,58.42,58.27,58.93,57.94,,0.10%
2019-08-09,58.36,57.73,59.15,57.18,,0.95%
2019-08-08,57.81,57.55,58.07,56.84,,0.54%
2019-08-07,57.5,58.66,59.26,55.96,,-2.03%
2019-08-06,58.69,59.24,60.62,58.61,,-2.41%
2019-08-05,60.14,61.37,61.64,59.75,,-1.99%
2019-08-02,61.36,61.16,63.01,61.08,,0.41%
2019-08-01,61.11,64.07,64.62,60.12,,-4.99%
2019-07-31,64.32,64.94,65.52,64.28,,-1.14%
2019-07-30,65.06,63.95,65.16,63.94,,1.90%
2019-07-29,63.85,63.17,63.95,63,,0.68%
2019-07-26,63.42,63.43,64.08,63.16,,0.24%
2019-07-25,63.27,63.36,64.39,63.17,,-0.03%
2019-07-24,63.29,64.32,64.84,62.77,,-1.74%
2019-07-23,64.41,63.43,64.63,62.88,,1.39%
2019-07-22,63.53,63.45,64.25,63.01,,0.62%
2019-07-19,63.14,62.85,63.67,62.16,,0.43%
2019-07-18,62.87,63.86,64.8,61.63,,-1.67%
2019-07-17,63.94,64.81,65.65,63.58,,-1.25%
2019-07-16,64.75,66.75,67.49,64.24,,-2.76%
2019-07-15,66.59,67.09,67.91,66.54,,-1.17%
2019-07-12,67.38,67.35,67.78,67.05,,0.06%
2019-07-11,67.34,67.38,68.19,66.97,,0.10%
2019-07-10,67.27,65.35,67.68,65.19,,3.35%
2019-07-09,65.09,64.39,65.32,64.33,,0.93%
2019-07-08,64.49,64.97,65.72,64.38,,-0.98%
2019-07-05,65.13,63.96,65.18,63.59,,1.99%
2019-07-04,63.86,64.62,64.77,63.65,,-1.07%
2019-07-03,64.55,63.6,64.7,62.8,,1.57%
2019-07-02,63.55,65.57,66.28,62.96,,-3.67%
2019-07-01,65.97,66.6,67.55,65,,1.13%
2019-06-28,65.23,66.47,66.78,64.87,,-1.63%
2019-06-27,66.31,65.98,66.87,65.7,,-0.18%
2019-06-26,66.43,65.93,66.94,65.73,,0.70%
2019-06-25,65.97,65.04,66.09,64.36,,1.57%
2019-06-24,64.95,65.75,66.01,64.28,,-1.07%
2019-06-21,65.65,65.33,66.11,64.37,,0.86%
2019-06-20,65.09,62.87,65.19,62.81,,3.93%
2019-06-19,62.63,62.88,63,61.83,,-0.19%
2019-06-18,62.75,61.47,63.29,60.72,,2.13%
2019-06-17,61.44,62.77,62.91,61.26,,-1.99%
2019-06-14,62.69,61.9,63.21,61.39,,1.05%
2019-06-13,62.04,60.67,63.36,60.48,,2.58%
2019-06-12,60.48,62.37,62.48,60.28,,-3.79%
2019-06-11,62.86,63.13,63.7,62.8,,-0.47%
2019-06-10,63.16,64.61,64.71,62.89,,-1.74%
2019-06-07,64.28,63.4,64.58,62.75,,1.63%
2019-06-06,63.25,61.42,63.44,61.23,,2.70%
2019-06-05,61.59,62.67,63.34,60.48,,-1.46%
2019-06-04,62.5,62.1,63.2,61.32,,0.71%
2019-06-03,62.06,62.39,64.02,61.76,,-1.45%
2019-05-31,62.97,66.22,66.28,62.68,,-5.44%
2019-05-30,66.59,69.66,69.97,66.34,,-4.50%
2019-05-29,69.73,70.09,70.14,68.12,,-0.70%
2019-05-28,70.22,70.06,70.65,69.64,,0.21%
2019-05-27,70.07,69.25,70.07,68.61,,1.05%
2019-05-24,69.34,68.09,69.41,67.45,,1.79%
2019-05-23,68.12,71.03,71.11,67.14,,-4.08%
2019-05-22,71.02,72.05,72.19,70.57,,-1.59%
2019-05-21,72.17,72.33,72.69,71.8,,-0.14%
2019-05-20,72.27,73.15,73.6,71.79,,-0.10%
2019-05-17,72.34,73.1,73.47,72.03,,-0.96%
2019-05-16,73.04,72.3,73.6,72.09,,1.14%
2019-05-15,72.22,71.15,72.5,70.69,,1.36%
2019-05-14,71.25,70.33,71.9,70.21,,1.45%
2019-05-13,70.23,70.73,72.88,70.02,,-1.28%
2019-05-10,71.14,70.8,71.58,70.53,,0.67%
2019-05-09,70.67,70.58,71,69.75,,0.01%
2019-05-08,70.66,70.31,71.06,69.71,,0.63%
2019-05-07,70.22,71.54,71.73,69.78,,-1.61%
2019-05-06,71.37,69.9,72.21,69.3,,0.13%
2019-05-03,71.28,70.96,72,70.42,,0.66%
2019-05-02,70.81,72.5,72.72,70.17,,-2.41%
2019-05-01,72.56,72.23,72.82,71.79,,0.57%
2019-04-30,72.15,72,73.29,71.7,,0.25%
2019-04-29,71.97,71.65,72.52,71.12,,0.36%
2019-04-26,71.71,74.31,74.52,71.4,,-3.67%
2019-04-25,74.44,74.62,75.72,74.12,,-0.29%
2019-04-24,74.66,74.4,74.86,74.16,,0.17%
2019-04-23,74.53,74.53,74.9,74.16,,0.12%
2019-04-22,74.44,72.62,74.71,72.62,,3.07%
2019-04-18,72.22,71.9,72.3,71.47,,0.42%
2019-04-17,71.92,72.19,72.56,71.75,,-0.32%
2019-04-16,72.15,71.54,72.25,71.06,,0.78%
2019-04-15,71.59,71.79,71.92,71.13,,-0.45%
2019-04-12,71.91,71.39,72.27,71.31,,0.73%
2019-04-11,71.39,71.98,72.12,71,,-0.87%
2019-04-10,72.02,71.23,72.22,71.03,,1.05%
2019-04-09,71.27,71.61,71.81,70.75,,-0.39%
2019-04-08,71.55,71.19,71.67,70.92,,0.85%
2019-04-05,70.95,69.66,71.02,69.47,,1.59%
2019-04-04,69.84,69.98,70.58,69.44,,-0.37%
2019-04-03,70.1,70.03,70.54,69.38,,-0.10%
2019-04-02,70.17,69.78,70.17,69.29,,0.53%
2019-04-01,69.8,68.5,69.83,68.49,,2.24%
2019-03-29,68.27,67.97,68.97,67.83,,0.40%
2019-03-28,68,67.76,68,66.53,,0.22%
2019-03-27,67.85,67.87,68.34,67.19,,-0.22%
2019-03-26,68,67.28,68.19,67.23,,1.12%
2019-03-25,67.25,66.85,67.62,66.33,,0.48%
2019-03-22,66.93,67.72,67.92,66.16,,-1.08%
2019-03-21,67.66,68.34,68.64,67.55,,-0.82%
2019-03-20,68.22,67.56,68.5,67.13,,0.87%
2019-03-19,67.63,67.4,68.13,67.07,,0.39%
2019-03-18,67.37,67.08,67.61,66.62,,0.63%
2019-03-15,66.95,67.09,67.61,66.05,,-0.21%
2019-03-14,67.09,67.53,68.03,66.94,,-0.65%
2019-03-13,67.53,66.81,67.64,66.59,,1.26%
2019-03-12,66.69,66.63,67.28,66.26,,0.29%
2019-03-11,66.5,65.65,66.62,65.54,,1.43%
2019-03-08,65.56,65.88,65.95,63.88,,-0.55%
2019-03-07,65.92,65.69,66.84,65.61,,0.18%
2019-03-06,65.8,65.33,66.01,65.06,,0.55%
2019-03-05,65.44,65.38,66.05,64.88,,0.03%
2019-03-04,65.42,65.03,66.16,64.91,,1.11%
2019-03-01,64.7,66.32,66.93,64.41,,-2.27%
2019-02-28,66.2,66.31,66.58,65.71,,-0.17%
2019-02-27,66.31,65.7,66.71,65.29,,0.99%
2019-02-26,65.66,64.81,65.73,64.34,,1.37%
2019-02-25,64.77,67.27,67.49,64.56,,-3.29%
2019-02-22,66.97,67.01,67.74,66.9,,-0.03%
2019-02-21,66.99,67.18,67.33,66.74,,-0.31%
2019-02-20,67.2,66.42,67.43,65.7,,1.05%
2019-02-19,66.5,66.47,66.69,65.63,,-0.09%
2019-02-18,66.56,66.56,66.87,65.94,,0.30%
2019-02-15,66.36,64.96,66.44,64.48,,2.61%
2019-02-14,64.67,63.72,64.85,63.35,,1.52%
2019-02-13,63.7,62.77,64.03,62.76,,1.64%
2019-02-12,62.67,61.77,63.39,61.66,,1.67%
2019-02-11,61.64,61.98,62.38,60.97,,-0.84%
2019-02-08,62.16,61.74,62.43,61.14,,0.70%
2019-02-07,61.73,62.59,62.98,60.69,,-1.50%
2019-02-06,62.67,62.13,62.88,61.15,,0.77%
2019-02-05,62.19,62.7,63.11,61.81,,-1.14%
2019-02-04,62.91,62.88,63.72,61.37,,-0.05%
2019-02-01,62.94,61.15,63.06,60.55,,2.68%
2019-01-31,61.3,61.96,62.56,60.74,,-0.78%
2019-01-30,61.78,61.25,62.64,61.05,,0.88%
2019-01-29,61.24,59.78,61.73,59.72,,1.98%
2019-01-28,60.05,61.16,61.63,59.44,,-2.18%
2019-01-25,61.39,61,61.79,60.61,,0.54%
2019-01-24,61.06,60.89,61.37,60.29,,0.38%
2019-01-23,60.83,61.16,62.16,60.07,,-0.99%
2019-01-22,61.44,62.4,62.52,60.41,,-1.87%
2019-01-21,62.61,62.1,62.92,62.05,,0.37%
2019-01-18,62.38,61.05,62.74,61.05,,2.45%
2019-01-17,60.89,60.74,61.26,59.78,,-0.18%
2019-01-16,61,60.14,61.15,59.76,,1.23%
2019-01-15,60.26,59.16,60.55,58.82,,2.14%
2019-01-14,59,60.44,60.56,58.62,,-1.96%
2019-01-11,60.18,60.8,62.08,59.72,,-0.99%
2019-01-10,60.78,60.67,61.49,60.04,,-0.25%
2019-01-09,60.93,58.72,61.26,58.64,,4.71%
2019-01-08,58.19,57.3,58.41,56.72,,1.87%
2019-01-07,57.12,57.34,58.48,56.86,,0.35%
2019-01-04,56.92,55.16,57.81,54.89,,3.34%
2019-01-03,55.08,54.63,55.78,53.94,,3.34%
2019-01-02,53.3,53.44,53.44,52.96,,-0.65%
