<?xml version="1.0" encoding="UTF-8"?>
<metadata xml:lang="en"><Esri><CreaDate>20220908</CreaDate><CreaTime>11043800</CreaTime><ArcGISFormat>1.0</ArcGISFormat><SyncOnce>TRUE</SyncOnce><DataProperties><lineage><Process ToolSource="C:\Program Files (x86)\ArcGIS\Desktop10.6\Display GTFS in ArcGIS.tbx\DisplayGTFSRouteShapes" Date="20220908" Time="110438">DisplayGTFSRouteShapes "A:\Google Transit\220901 - Building Crenshaw\220810 - Crenshaw shapes for GTFS" "A:\Google Transit\220901 - Building Crenshaw\220810 - Crenshaw shapes for GTFS\220909_Crenshaw Shapes.shp"</Process></lineage></DataProperties></Esri></metadata>
