<?xml version="1.0" encoding="UTF-8"?>
<metadata xml:lang="en"><Esri><CreaDate>20230711</CreaDate><CreaTime>14113000</CreaTime><ArcGISFormat>1.0</ArcGISFormat><SyncOnce>TRUE</SyncOnce><DataProperties><lineage><Process ToolSource="C:\Program Files (x86)\ArcGIS\Desktop10.6\DisplayGTFSInArcGIS_2.0.5\Display GTFS in ArcGIS.tbx\DisplayGTFSRouteShapes" Date="20221121" Time="165622">DisplayGTFSRouteShapes "A:\Requests\2022\221121 - Testing New Regional Shapes\03 - Creating and Testing Shapefiles from these" "A:\Requests\2022\221121 - Testing New Regional Shapes\03 - Creating and Testing Shapefiles from these\801_804_RC_shape_from_GTFS_221121_late.shp"</Process></lineage></DataProperties></Esri></metadata>
