<?xml version="1.0" encoding="UTF-8"?><metadata>
    <idinfo>
        <citation>
            <citeinfo>
                <title>Passenger Rail</title>
            </citeinfo>
        </citation>
        <descript>
            <abstract>Passenger rail in the DVRPC Region</abstract>
            <purpose>Passenger rail in the DVRPC Region</purpose>
        </descript>
        <keywords>
            <theme>
                <themekt>None</themekt>
                <themekey>Rail</themekey>
                <themekey>SEPTA</themekey>
                <themekey>Commuter</themekey>
                <themekey>Transportation</themekey>
                <themekey>NJ Transit</themekey>
                <themekey>PATCO</themekey>
                <themekey>Passenger Rail</themekey>
                <themekey>Transportation</themekey>
            </theme>
        </keywords>
        <accconst>None</accconst>
        <useconst>This data is made available for planning purposes only by the Delaware Valley Regional Planning Commission (DVRPC) as a public service and is provided AS IS for you to use at your own risk. DVRPC makes no representation of warranty of any kind, expressed or implied, with respect to this information. Please credit DVRPC as the source when using this data.</useconst>
        <datacred>Delaware Valley Regional Planning Commission (DVRPC)</datacred>
    </idinfo>
    <metainfo>
        <metstdn>FGDC Content Standard for Digital Geospatial Metadata</metstdn>
        <metstdv>FGDC-STD-001-1998</metstdv>
        <mettc>local time</mettc>
    </metainfo>
</metadata>
