snapped_at,price,market_cap,total_volume
2018-10-05 00:00:00 UTC,1.0062418761688314,0.0,31264.420429900205
2018-10-06 00:00:00 UTC,1.0015295223068545,0.0,20254.71225490974
2018-10-07 00:00:00 UTC,1.0011765043127938,0.0,49324.69066914409
2018-10-08 00:00:00 UTC,1.001905911132403,0.0,47076.72814229494
2018-10-09 00:00:00 UTC,1.0019831097094631,0.0,55542.21550910832
2018-10-10 00:00:00 UTC,1.0005908753691823,0.0,41812.5021286073
2018-10-11 00:00:00 UTC,0.9977933708509774,0.0,48789.483685295076
2018-10-12 00:00:00 UTC,1.0076602944652702,0.0,101593.97537189744
2018-10-13 00:00:00 UTC,1.008262383169264,0.0,185015.91613545088
2018-10-14 00:00:00 UTC,1.0137145808037764,0.0,133806.38034900566
2018-10-15 00:00:00 UTC,1.0246151034767481,0.0,114047.4710718572
2018-10-16 00:00:00 UTC,1.0378565115974134,0.0,440176.7156372268
2018-10-17 00:00:00 UTC,1.038785121859443,24736312.470275804,579371.8867656252
2018-10-18 00:00:00 UTC,1.0334273839324508,24590235.09243715,1820012.2270029974
2018-10-19 00:00:00 UTC,1.019065257484703,0.0,577029.8722863413
2018-10-20 00:00:00 UTC,1.0155311574843262,0.0,182006.87148386173
2018-10-21 00:00:00 UTC,1.034745251346367,0.0,171499.2218408958
2018-10-22 00:00:00 UTC,1.0283612634572388,0.0,211250.721845975
2018-10-23 00:00:00 UTC,1.0204771456056614,0.0,475698.11633971217
2018-10-24 00:00:00 UTC,1.006844552537861,0.0,259743.07761605395
2018-10-25 00:00:00 UTC,1.0096900574205956,129207942.55093452,227379.72065610412
2018-10-26 00:00:00 UTC,1.0093298967997846,128775493.59195422,478573.27928325883
2018-10-27 00:00:00 UTC,1.0157784724489962,129502938.57304983,480637.374163149
2018-10-28 00:00:00 UTC,1.0056238692821504,128177230.83110094,337149.8515233129
2018-10-29 00:00:00 UTC,1.016774736673949,129589926.82555479,111787.67259390782
2018-10-30 00:00:00 UTC,1.00418109790882,128032732.9641366,390030.24399696314
2018-10-31 00:00:00 UTC,1.0037392302463237,127904252.15148543,193593.4113510009
2018-11-01 00:00:00 UTC,1.00194193605794,127652782.4548048,226475.41149282028
2018-11-02 00:00:00 UTC,1.00597560454346,128091487.97650129,157278.21119808473
2018-11-03 00:00:00 UTC,1.0096509551570723,133609203.34167849,301594.61617014447
2018-11-04 00:00:00 UTC,1.0072336042044014,133279984.89563128,1076361.4296374975
2018-11-05 00:00:00 UTC,0.9903074053049711,131039278.35077067,580733.5817851663
2018-11-06 00:00:00 UTC,1.0014061186845773,134613399.2820283,648445.151684969
2018-11-07 00:00:00 UTC,1.0045647066109376,134834229.73327753,662717.3855460199
2018-11-08 00:00:00 UTC,1.0125163832228556,135701197.28911525,1008705.8047196124
2018-11-09 00:00:00 UTC,1.0068568016169066,135158925.1922598,585822.0635445067
2018-11-10 00:00:00 UTC,1.0139763332383507,136052182.85713974,670938.8665384788
2018-11-11 00:00:00 UTC,1.0117477643349067,135335501.5123472,1069596.8847862147
2018-11-12 00:00:00 UTC,1.0153749392120224,136458935.59849563,1099443.0518112443
2018-11-13 00:00:00 UTC,1.0168076002220288,136284804.8815593,1107909.6749479396
2018-11-14 00:00:00 UTC,1.0193995557689386,141683057.71215698,690848.2232066703
2018-11-15 00:00:00 UTC,1.043464578265039,148577982.7291999,1467371.2254000164
2018-11-16 00:00:00 UTC,1.0271398911620848,146981646.37469363,632527.0707602842
2018-11-17 00:00:00 UTC,1.0176866357525292,145736699.8505958,370954.2955516491
2018-11-18 00:00:00 UTC,1.021177629328473,146146329.3057387,1494778.7539830387
2018-11-19 00:00:00 UTC,1.0143983558831842,145255943.1814611,1513923.2921288707
2018-11-20 00:00:00 UTC,1.0265780989562938,146842391.15358862,8720148.122468185
2018-11-21 00:00:00 UTC,1.0226307060064177,161782019.63132745,11378281.951904796
2018-11-22 00:00:00 UTC,1.0173723133785122,166203162.36999398,5791640.496330559
2018-11-23 00:00:00 UTC,1.0352277219039814,169951951.4498348,5064458.714495927
2018-11-24 00:00:00 UTC,1.0202056325071216,169591534.98133108,4569302.392899478
2018-11-25 00:00:00 UTC,1.0238814414968982,170718063.19309643,5071511.231937934
2018-11-26 00:00:00 UTC,1.0250351308187968,170695963.22602105,5870586.287725668
2018-11-27 00:00:00 UTC,1.0247661500889826,171920667.15118015,4902632.234159027
2018-11-28 00:00:00 UTC,1.01860825428322,175112664.8668014,4313047.844982913
2018-11-29 00:00:00 UTC,1.006388661311445,178905400.63030013,5176434.594688605
2018-11-30 00:00:00 UTC,1.010019230853864,179073854.49766392,5821626.0808549905
2018-12-01 00:00:00 UTC,1.014455024544729,179488336.81746954,17108423.676476702
2018-12-02 00:00:00 UTC,1.014259980780964,179742796.33896968,70672927.755099
2018-12-03 00:00:00 UTC,1.0131454711701735,179261826.46996272,43276379.01253972
2018-12-04 00:00:00 UTC,1.0162044997423538,180216664.34781665,28027857.63705426
2018-12-05 00:00:00 UTC,1.0125975613067733,179191321.06638327,39856418.00300649
2018-12-06 00:00:00 UTC,1.0114107326242836,179672596.28813562,21058036.450479608
2018-12-07 00:00:00 UTC,1.0039358587187368,182203423.4081703,13993835.576536985
2018-12-08 00:00:00 UTC,1.0027462560703282,185925217.40677598,8238204.049675786
2018-12-09 00:00:00 UTC,1.0101407128103683,186362017.80599478,23887575.11764804
2018-12-10 00:00:00 UTC,1.0017554926426482,186009059.83972755,18430890.19443988
2018-12-11 00:00:00 UTC,1.0028402762987492,191717217.41606736,16346026.461592387
2018-12-12 00:00:00 UTC,1.0067356637403644,191980058.29880187,27767740.01340723
2018-12-13 00:00:00 UTC,1.0106289958346486,202349331.8434995,28866674.896274187
2018-12-14 00:00:00 UTC,1.0045646390453196,201945777.79337656,30027224.85563588
2018-12-15 00:00:00 UTC,1.0090300663996765,204783087.58775824,24612506.35810556
2018-12-16 00:00:00 UTC,1.0080981900970416,204422469.51165003,35660545.69100117
2018-12-17 00:00:00 UTC,1.005548178026623,204836482.42277378,54653230.26310325
2018-12-18 00:00:00 UTC,1.0129560224169563,215286064.69181547,24569851.547611624
2018-12-19 00:00:00 UTC,0.9953123214785405,214184707.21616104,67302051.00340116
2018-12-20 00:00:00 UTC,1.0009932840126576,224129739.04976174,52138814.47095795
2018-12-21 00:00:00 UTC,0.9990882424265615,225824770.78037697,77534034.81374103
2018-12-22 00:00:00 UTC,1.0000686050717391,228925653.87133193,43257063.96930689
2018-12-23 00:00:00 UTC,1.001643906643136,229078540.8610935,55241779.89577683
2018-12-24 00:00:00 UTC,0.9959120395886456,227697886.948026,109311034.23640284
2018-12-25 00:00:00 UTC,0.9983937045788638,228237620.82763207,92011572.14249513
2018-12-26 00:00:00 UTC,0.9976611714288718,227184143.9596543,82864527.71906868
2018-12-27 00:00:00 UTC,0.9915703765247943,229152576.3838915,133405983.7024323
2018-12-28 00:00:00 UTC,1.0020975624806603,238408338.7542025,144298715.06112534
2018-12-29 00:00:00 UTC,0.9922737805510076,240471674.13646314,105845014.81483103
2018-12-30 00:00:00 UTC,0.9716883186985201,241385119.72833592,303987287.8741457
2018-12-31 00:00:00 UTC,0.9966545155124313,248534076.42591536,168803745.32026878
2019-01-01 00:00:00 UTC,0.9976894037632307,250584341.0073861,289114389.1882469
2019-01-02 00:00:00 UTC,0.9951852647516942,261532670.09386462,319038301.0478107
2019-01-03 00:00:00 UTC,0.9935909097662369,285618972.3460397,301743583.58917266
2019-01-04 00:00:00 UTC,0.9968250513406584,286516389.75418437,485572851.61039424
2019-01-05 00:00:00 UTC,0.9966481996728974,294504722.8054924,522516136.92783135
2019-01-06 00:00:00 UTC,0.9967406691442405,290681640.72352326,578039000.3102984
2019-01-07 00:00:00 UTC,0.992089851664288,300214373.7775302,599242472.994681
2019-01-08 00:00:00 UTC,0.9940909910303195,313435514.83151346,418626902.8257071
2019-01-09 00:00:00 UTC,0.9945165527707476,323217620.0451136,364565551.06503373
2019-01-10 00:00:00 UTC,0.9943498369537411,341081572.2983093,351700207.53208584
2019-01-11 00:00:00 UTC,0.9971620071880697,355008147.74035543,466511654.62183714
2019-01-12 00:00:00 UTC,0.9990424135339254,358076244.6727932,492525160.7351395
2019-01-13 00:00:00 UTC,0.9945723829730875,359427064.9725381,578072346.2424676
2019-01-14 00:00:00 UTC,0.9963743576160586,367194732.72805107,488144479.615587
2019-01-15 00:00:00 UTC,0.992547386428236,370764588.93518317,338860248.7135755
2019-01-16 00:00:00 UTC,0.9947577469883966,355451747.0127863,262332849.83455843
2019-01-17 00:00:00 UTC,0.9987084519205629,352698266.1818199,375260514.3378512
2019-01-18 00:00:00 UTC,0.9950563017528204,362187289.44090235,364769648.39806193
2019-01-19 00:00:00 UTC,0.9974268673785209,358872737.94809395,540064713.5402541
2019-01-20 00:00:00 UTC,0.9959416463277131,346848080.21784866,900677017.2157649
2019-01-21 00:00:00 UTC,0.9999417046161762,348206766.67652196,683574815.0722381
2019-01-22 00:00:00 UTC,1.000188375677402,347851811.3909167,459245034.53885794
2019-01-23 00:00:00 UTC,0.9976439120774095,345392588.83865464,576379526.6041967
2019-01-24 00:00:00 UTC,1.00084634441195,349789723.50333637,4330125.043852222
2019-01-25 00:00:00 UTC,1.0004815469447297,340507232.9017234,978271372.1249636
2019-01-26 00:00:00 UTC,1.00122361557947,343078507.6538535,877545346.3264046
2019-01-27 00:00:00 UTC,1.0053296378112857,336667629.9614812,506812472.9136186
2019-01-28 00:00:00 UTC,1.0062325598594593,343068666.37400395,460972646.04482377
2019-01-29 00:00:00 UTC,1.0042580197407245,334945905.506282,246251219.42286107
2019-01-30 00:00:00 UTC,1.0043737581833938,324943663.7423936,406310159.5183625
2019-01-31 00:00:00 UTC,1.00579706444803,325851698.69831055,302355387.8155642
2019-02-01 00:00:00 UTC,1.0075973319637923,310132134.0900024,204856507.6751751
2019-02-02 00:00:00 UTC,1.007840519178222,310423136.1364255,121758158.09826788
2019-02-03 00:00:00 UTC,1.0068166981428988,310303376.089002,131656817.25037843
2019-02-04 00:00:00 UTC,1.012555492697702,312165433.31089014,317125263.81801313
2019-02-05 00:00:00 UTC,1.0137671907768382,306481186.69057465,292011716.93157446
2019-02-06 00:00:00 UTC,1.01205342125973,299065780.4151915,223923108.0051809
2019-02-07 00:00:00 UTC,1.012257829183548,295888927.0652013,266165284.0130898
2019-02-08 00:00:00 UTC,1.0111559364822977,290364759.6785448,295812601.9904572
2019-02-09 00:00:00 UTC,1.0142366473259796,291521669.34453017,442527611.38825226
2019-02-10 00:00:00 UTC,1.0127902387241083,291484154.48727477,697816403.5180749
2019-02-11 00:00:00 UTC,1.007791090365872,290113095.3028002,709292042.0838164
2019-02-12 00:00:00 UTC,1.0120616193230862,261608191.55017823,534068479.0112995
2019-02-13 00:00:00 UTC,1.011640431798273,261483988.21334296,562485948.0047345
2019-02-14 00:00:00 UTC,1.0111885643512666,260029238.5503879,484568523.61749226
2019-02-15 00:00:00 UTC,1.0088991472416702,249853199.1636322,377498387.9325838
2019-02-16 00:00:00 UTC,1.0094877156461035,250473888.14147717,805325998.922886
2019-02-17 00:00:00 UTC,1.0094955605146758,247236104.8722431,530284806.3226087
2019-02-18 00:00:00 UTC,1.0107082293963472,247579528.4573505,508461295.6641768
2019-02-19 00:00:00 UTC,1.0052802385578739,246523132.91656446,459359271.0910369
2019-02-20 00:00:00 UTC,1.0081488207133262,246301948.5528867,434292959.7255111
2019-02-21 00:00:00 UTC,1.00893586659942,248070070.1675536,249550787.00837877
2019-02-22 00:00:00 UTC,1.008849941179008,247896923.8659708,285022908.8990223
2019-02-23 00:00:00 UTC,1.0087796202559844,235024371.31355497,220901015.0679139
2019-02-24 00:00:00 UTC,1.0047640200499162,234341044.00029305,133680895.11265777
2019-02-25 00:00:00 UTC,1.003613726488529,234269734.71713567,417336057.6586488
2019-02-26 00:00:00 UTC,1.0024126201545014,232109898.21978775,169110305.2341729
2019-02-27 00:00:00 UTC,1.0039887309431723,234673211.4887177,192790465.35219258
2019-02-28 00:00:00 UTC,1.0050664672284253,237793919.63843486,262128170.37192145
2019-03-01 00:00:00 UTC,1.0053225313580567,238178935.12235603,320799264.7388097
2019-03-02 00:00:00 UTC,1.0011630221741437,239542561.00554058,337622903.4773701
2019-03-03 00:00:00 UTC,1.0034924434216583,240470524.84115297,302004700.45301014
2019-03-04 00:00:00 UTC,1.0054812470994352,241162085.02693558,140739268.9745539
2019-03-05 00:00:00 UTC,1.004310484094902,242340814.60262328,397368558.1369438
2019-03-06 00:00:00 UTC,1.0035714254602108,242572691.55450007,481730377.5324813
2019-03-07 00:00:00 UTC,1.004636598352006,243483370.1057611,618932427.4305768
2019-03-08 00:00:00 UTC,1.0026664121815878,239418664.19886652,516113863.2603343
2019-03-09 00:00:00 UTC,1.0052971676055413,245564367.75551233,156113805.00322226
2019-03-10 00:00:00 UTC,1.0065659409411396,241892941.40586928,1049575100.6648202
2019-03-11 00:00:00 UTC,1.006684930731364,241929214.78306565,1511078374.8163273
2019-03-12 00:00:00 UTC,1.003326378432878,242026375.99976918,1186000276.896166
2019-03-13 00:00:00 UTC,1.0054073226357678,242080857.55965862,1050943539.096907
2019-03-14 00:00:00 UTC,1.003216968365631,241632550.4518786,921660698.7284724
2019-03-15 00:00:00 UTC,1.0060676624402292,242540797.96643236,1161318386.5194457
2019-03-16 00:00:00 UTC,1.0070004928628475,241674979.03438798,1854876515.8425078
2019-03-17 00:00:00 UTC,1.00506239250836,241051503.26795745,2820493654.5812273
2019-03-18 00:00:00 UTC,1.0041302846251865,240876597.57703227,951560340.3378826
2019-03-19 00:00:00 UTC,1.0052982474215333,241580915.77341124,2839024771.236487
2019-03-20 00:00:00 UTC,1.004344968477835,241425298.22027016,2069448534.1527045
2019-03-21 00:00:00 UTC,1.0029100791765952,241625515.9763423,1796716267.0843482
2019-03-22 00:00:00 UTC,1.002042817099511,244350752.27329713,1883568628.5869823
2019-03-23 00:00:00 UTC,1.0030587913268492,245713094.14989075,1787321683.9523335
2019-03-24 00:00:00 UTC,1.0073916571906216,246735068.6786861,2282973711.0152016
2019-03-25 00:00:00 UTC,1.0054607497142412,246870374.9386029,2199478386.647389
2019-03-26 00:00:00 UTC,1.0035883767485823,247798566.1472715,2264180701.6806054
2019-03-27 00:00:00 UTC,1.0056591006123607,247042348.46007168,2624247475.666736
2019-03-28 00:00:00 UTC,1.0013701468328524,246498530.75745434,4762199796.53696
2019-03-29 00:00:00 UTC,1.0042666390081265,247456742.5357804,3147500149.0650706
2019-03-30 00:00:00 UTC,1.003217997338693,247553005.9963986,4079022926.5755973
2019-03-31 00:00:00 UTC,1.002442232453835,247482835.8031753,2986554757.5682583
2019-04-01 00:00:00 UTC,1.0019158612106724,247215043.7902301,2064364335.7500243
2019-04-02 00:00:00 UTC,1.002885215370053,253582676.0763051,1906387071.5458703
2019-04-03 00:00:00 UTC,0.9951288362883187,255615162.07794264,2212270010.882416
2019-04-04 00:00:00 UTC,0.9963378970413249,256415595.07538086,2039022748.5116937
2019-04-05 00:00:00 UTC,0.9991977892254187,256962608.68030515,1478170465.2915478
2019-04-06 00:00:00 UTC,0.9974088946143607,260342115.19357207,1825303859.7885318
2019-04-07 00:00:00 UTC,0.9988979593383887,259983480.49936768,1807433562.726962
2019-04-08 00:00:00 UTC,0.9985614280983468,260709199.69050857,1832993958.7815514
2019-04-09 00:00:00 UTC,0.9941309483505305,260350307.71844786,1618049231.1181822
2019-04-10 00:00:00 UTC,0.9940743092271666,265216255.84825134,1688182000.7147086
2019-04-11 00:00:00 UTC,0.9979991306988518,262609710.37693667,1723748219.6196995
2019-04-12 00:00:00 UTC,0.9959448115829106,258528238.8929959,1580484473.8949127
2019-04-13 00:00:00 UTC,0.9991093454632184,259272804.87255406,1261788971.5049448
2019-04-14 00:00:00 UTC,0.9990687431740858,259546042.8879434,1541284477.1904228
2019-04-15 00:00:00 UTC,0.9994719271008681,259764025.95216602,1332268097.29751
2019-04-16 00:00:00 UTC,1.0023996065250738,260475212.42163062,1400475111.2592585
2019-04-17 00:00:00 UTC,0.9978406400780606,259230717.63328668,1653715568.016932
2019-04-18 00:00:00 UTC,0.998877550485222,256300117.07753447,1313373910.6113198
2019-04-19 00:00:00 UTC,0.999059076411404,252667522.76487622,1349269032.794213
2019-04-20 00:00:00 UTC,0.9979109375442505,252670152.89540425,1621547602.3191335
2019-04-21 00:00:00 UTC,0.998142711845702,252978811.3496745,1551233524.5509777
2019-04-22 00:00:00 UTC,1.0017937433378328,252669776.10662836,1894713579.2029855
2019-04-23 00:00:00 UTC,0.9973767806323411,251326924.13001552,1866812105.9119418
2019-04-24 00:00:00 UTC,1.0003646430979964,253170141.39872268,1963259548.2724946
2019-04-25 00:00:00 UTC,1.0007310738565793,252588396.363209,1958824351.5831869
2019-04-26 00:00:00 UTC,1.0158753568753032,259219532.87732676,1775104042.0799725
2019-04-27 00:00:00 UTC,1.0299597859825071,268611419.3986556,1897053661.8699803
2019-04-28 00:00:00 UTC,1.0181655452782374,297244675.2185532,1582713950.2402759
2019-04-29 00:00:00 UTC,1.0206980362312865,298089016.0953815,1649238946.6154442
2019-04-30 00:00:00 UTC,1.011371192482788,295234804.06971014,1818750872.1784492
2019-05-01 00:00:00 UTC,1.0053200378775697,294502573.6298207,1747735658.932114
2019-05-02 00:00:00 UTC,1.0099823564037334,297466210.7570403,1812464489.217889
2019-05-03 00:00:00 UTC,1.0106322947791002,296634359.7789828,1422175478.8867915
2019-05-04 00:00:00 UTC,1.0120961545960643,300022402.1068642,1778245135.5946567
2019-05-05 00:00:00 UTC,1.007151079675136,301467386.7309446,1863451169.878553
2019-05-06 00:00:00 UTC,1.0055690121275342,302125188.0677663,1780757667.8055294
2019-05-07 00:00:00 UTC,1.0061114401054232,307719304.5896103,106967133.00885193
2019-05-08 00:00:00 UTC,1.0085138529218776,311013611.0893624,1564799345.43203
2019-05-09 00:00:00 UTC,1.007085574813543,316455095.76441884,192823071.0345484
2019-05-10 00:00:00 UTC,1.0080036771676792,327655413.01918083,369915982.7765852
2019-05-11 00:00:00 UTC,1.007717650515269,330250263.7070247,1466656742.125997
2019-05-12 00:00:00 UTC,1.0011829053575425,328135288.67936736,2223945269.7942276
2019-05-13 00:00:00 UTC,1.0020654742153063,327956580.31626,1613701714.7212486
2019-05-14 00:00:00 UTC,0.9988095239556996,336959654.7746712,1469516920.8524845
2019-05-15 00:00:00 UTC,0.9937979661056594,345778033.6101818,1076890573.6618998
2019-05-16 00:00:00 UTC,0.9966579237813596,350286855.8666861,1423113803.4420934
2019-05-17 00:00:00 UTC,0.9996205252205883,357037909.66133326,317432718.46090513
2019-05-18 00:00:00 UTC,1.008279488591459,361720383.3809068,259278629.07003272
2019-05-19 00:00:00 UTC,1.0022629088379382,359777959.6395345,173705960.65354404
2019-05-20 00:00:00 UTC,0.9993427998537022,358756401.34387463,237478963.6498725
2019-05-21 00:00:00 UTC,0.9975676416325479,358555344.6167097,308541971.32403874
2019-05-22 00:00:00 UTC,0.9978303993223501,358200084.64821076,296540420.30719596
2019-05-23 00:00:00 UTC,0.9998024114923273,360266085.5269885,367755623.2256438
2019-05-24 00:00:00 UTC,1.0020401855802195,361312034.41507894,151408068.26361677
2019-05-25 00:00:00 UTC,1.000936191533932,360687372.60481495,177835906.27547008
2019-05-26 00:00:00 UTC,1.0037128509121127,363359359.00397295,120036519.6281535
2019-05-27 00:00:00 UTC,0.9999653657173496,362378697.0302579,166189313.60345092
2019-05-28 00:00:00 UTC,1.0039452816863081,363429621.3273262,200286726.4793863
2019-05-29 00:00:00 UTC,1.0077776812396686,363932724.6112282,146093160.34115234
2019-05-30 00:00:00 UTC,1.0017394933469708,359590381.97341305,181154664.53726837
2019-05-31 00:00:00 UTC,1.0005408027562845,340665537.7011793,238264508.80103952
2019-06-01 00:00:00 UTC,1.008380366325288,337018772.07868254,150419607.2177052
2019-06-02 00:00:00 UTC,1.006187806847086,336543468.4836384,153092093.3618434
2019-06-03 00:00:00 UTC,1.0005471525271938,334451437.1797635,586588084.8713222
2019-06-04 00:00:00 UTC,1.000585355358898,335910975.7644561,836113184.0007845
2019-06-05 00:00:00 UTC,1.0025464648328948,336589575.4430001,878204023.9035552
2019-06-06 00:00:00 UTC,1.0031665469364526,337983848.58777916,1113840705.9034657
2019-06-07 00:00:00 UTC,1.0015944792056304,339394216.895299,1492085865.9575841
2019-06-08 00:00:00 UTC,1.0005413452723213,339416542.94279253,1467533450.837424
2019-06-09 00:00:00 UTC,1.0017499651897508,339434314.1930933,1592682066.7459981
2019-06-10 00:00:00 UTC,1.0048293217717428,340351564.67719406,1928321987.724775
2019-06-11 00:00:00 UTC,1.0035526286067071,342143192.1388347,1425835373.137058
2019-06-12 00:00:00 UTC,0.9962117319597326,339575488.25997233,2744081751.8000965
2019-06-13 00:00:00 UTC,0.9987240389027506,341070351.6987576,2049717159.0398748
2019-06-14 00:00:00 UTC,1.000988185025491,344673326.6087941,2588629188.4414473
2019-06-15 00:00:00 UTC,0.9961121599121703,348823456.55398226,1883465392.2007582
2019-06-16 00:00:00 UTC,0.9983310853331963,349968804.5407158,2699800279.826856
2019-06-17 00:00:00 UTC,1.001112050231655,349808117.16019255,2797432348.6743093
2019-06-18 00:00:00 UTC,0.9993317005591263,347100852.7089284,2795316143.2788534
2019-06-19 00:00:00 UTC,1.0104149948369634,350947022.4913204,1959330933.0468051
2019-06-20 00:00:00 UTC,1.0014965894239423,346818809.4629906,1828632983.3443174
2019-06-21 00:00:00 UTC,0.9978960586801418,347033782.110926,2045440349.7422736
2019-06-22 00:00:00 UTC,0.9993153167430641,343842611.85076964,1955292525.6820762
2019-06-23 00:00:00 UTC,1.0026882068272327,344687046.8929666,2074650695.5892668
2019-06-24 00:00:00 UTC,1.0108152322720498,348304785.49564844,2014261991.8758147
2019-06-25 00:00:00 UTC,1.0054401411317186,348372350.81597626,2032641148.3156934
2019-06-26 00:00:00 UTC,1.0060165393347231,347433770.5250524,1977401815.2812593
2019-06-27 00:00:00 UTC,1.0112531087065046,357394195.327167,853174318.8062751
2019-06-28 00:00:00 UTC,1.0215707743741298,367523057.903342,2406593310.328376
2019-06-29 00:00:00 UTC,1.001571069932153,364309798.3721912,2366918516.658599
2019-06-30 00:00:00 UTC,1.0014746169480329,367745517.2436757,4875660957.989782
2019-07-01 00:00:00 UTC,1.00834240117586,369921760.05069834,3710826253.5759554
2019-07-02 00:00:00 UTC,1.0024521792633196,368266788.58186686,3175781599.448758
2019-07-03 00:00:00 UTC,1.0063704793504877,372599499.4142473,3149702836.5203056
2019-07-04 00:00:00 UTC,1.0030411138468454,368501014.0852529,3333426135.1499662
2019-07-05 00:00:00 UTC,1.0054587440927647,369590744.5521087,3372846020.8702106
2019-07-06 00:00:00 UTC,1.0025656535208927,367909222.5238753,3189686510.3068023
2019-07-07 00:00:00 UTC,1.0058844445889823,372580686.4637217,3172705018.0085025
2019-07-08 00:00:00 UTC,1.0006235648824766,370382727.8416522,3317242151.5071473
2019-07-09 00:00:00 UTC,0.9993227300700108,376246247.03452575,3672350386.797805
2019-07-10 00:00:00 UTC,1.0018462288582095,376694321.3573301,5508806041.359687
2019-07-11 00:00:00 UTC,1.0045652677069055,379833502.979171,5439787166.898545
2019-07-12 00:00:00 UTC,1.005685215025054,379882966.3746261,5186503140.315827
2019-07-13 00:00:00 UTC,1.0012585270365302,382598914.16260993,4974809823.0951185
2019-07-14 00:00:00 UTC,1.0041474447061505,383726603.57779586,5197607701.795941
2019-07-15 00:00:00 UTC,1.0060046817227213,384909989.955163,5457227491.823982
2019-07-16 00:00:00 UTC,1.0008334158631407,384083284.5355743,5475379570.775293
2019-07-17 00:00:00 UTC,1.0046952778942067,405893629.63442427,5520764442.742725
2019-07-18 00:00:00 UTC,0.9990434068567036,424095209.34419316,5317082024.206538
2019-07-19 00:00:00 UTC,0.9966837498668562,424196123.72064424,5399753680.430993
2019-07-20 00:00:00 UTC,1.0010556839314002,405901897.81989485,5527965212.073586
2019-07-21 00:00:00 UTC,1.0064872054751859,407374054.5913025,5732417565.718308
2019-07-22 00:00:00 UTC,1.001142152926635,405871468.28608835,5841019968.732263
2019-07-23 00:00:00 UTC,1.0025483809767657,407104715.5203642,6227648720.251834
2019-07-24 00:00:00 UTC,1.0033952576842255,405486480.6468581,6420253501.896425
2019-07-25 00:00:00 UTC,0.9976490159724818,421722949.72709125,6342547525.151368
2019-07-26 00:00:00 UTC,0.9995474580539601,421982759.47862893,6050534523.5247755
2019-07-27 00:00:00 UTC,1.0003327759831973,425799511.13100165,5824764356.194529
2019-07-28 00:00:00 UTC,1.0016922342808228,424478862.7732207,6166995854.662645
2019-07-29 00:00:00 UTC,0.9969426408176574,422978926.54707056,5445881236.310766
2019-07-30 00:00:00 UTC,1.0006390733952528,436599066.0083987,4730635261.628242
2019-07-31 00:00:00 UTC,0.9967522990805723,435921688.582951,137403694.6937538
2019-08-01 00:00:00 UTC,1.0020573164933964,436808772.665274,5387529839.214053
2019-08-02 00:00:00 UTC,0.996404285883489,427770544.17545843,204909246.27649423
2019-08-03 00:00:00 UTC,0.9993345139137482,422679110.1410928,200425494.81087404
2019-08-04 00:00:00 UTC,0.9980223950651951,422900311.24226576,296565345.757241
2019-08-05 00:00:00 UTC,0.9973969337263109,423439074.93016887,6130991812.847996
2019-08-06 00:00:00 UTC,0.9995704351299115,431685145.85260993,6282111612.443237
2019-08-07 00:00:00 UTC,0.9993708141576209,434992619.26723343,5854526256.656738
2019-08-08 00:00:00 UTC,1.0083850983020688,435951764.1231741,5992956857.294716
2019-08-09 00:00:00 UTC,1.0086975757954002,434276073.4366962,6003868637.089222
2019-08-10 00:00:00 UTC,0.9997664045062117,421304233.10769343,5913287082.962102
2019-08-11 00:00:00 UTC,1.0022926686531697,430310318.6374236,6422476447.3592005
2019-08-12 00:00:00 UTC,1.0015045268136311,424025066.07938683,6497532371.915664
2019-08-13 00:00:00 UTC,0.9995807952745674,422698832.4354331,6655850460.408791
2019-08-14 00:00:00 UTC,1.0031997038971785,422593142.2783128,5915320368.302284
2019-08-15 00:00:00 UTC,1.0016257975152085,421187605.04222167,5663818168.178536
2019-08-16 00:00:00 UTC,1.003298179394835,418374634.805222,5617561333.282192
2019-08-17 00:00:00 UTC,1.000182419644946,420999198.88936627,5825856817.784467
2019-08-18 00:00:00 UTC,1.0016578797312237,421802113.00267965,6011165958.97991
2019-08-19 00:00:00 UTC,0.9995202013105392,420681539.6786569,5481666100.86652
2019-08-20 00:00:00 UTC,1.0016906707693813,419932403.1815536,5772325544.703175
2019-08-21 00:00:00 UTC,0.9981962288651728,416246042.7676843,6038691601.57314
2019-08-22 00:00:00 UTC,1.00241751839801,440034650.8363868,5985173872.966744
2019-08-23 00:00:00 UTC,1.0013206606255363,440499963.3455369,5879631707.666673
2019-08-24 00:00:00 UTC,0.9981434025036902,438592020.1048983,6101868545.233336
2019-08-25 00:00:00 UTC,0.9989407883811954,437534965.5882201,6015257600.354629
2019-08-26 00:00:00 UTC,1.001600551960273,437969456.2711905,5587654083.7448635
2019-08-27 00:00:00 UTC,0.9981857900776532,429974260.30090344,5987618736.1382475
2019-08-28 00:00:00 UTC,1.0005811443602701,425324514.21257955,5437575978.796524
2019-08-29 00:00:00 UTC,1.0016218588541346,426784381.43687457,5354716366.013061
2019-08-30 00:00:00 UTC,1.000093454622551,449714251.2811394,5030150133.529606
2019-08-31 00:00:00 UTC,0.9990421332794135,453399056.445892,4598485401.272458
2019-09-01 00:00:00 UTC,0.9995782269031616,453695805.48593664,5564679729.738487
2019-09-02 00:00:00 UTC,0.9971965999073554,452494494.5311725,5389834701.803478
2019-09-03 00:00:00 UTC,0.9974168014941546,449009667.04959923,5099309916.642656
2019-09-04 00:00:00 UTC,0.9963177579235637,449207870.30177224,5355030164.529606
2019-09-05 00:00:00 UTC,1.0016804355997224,430441484.22253793,5157167059.548938
2019-09-06 00:00:00 UTC,0.9994730321945609,452678892.2046361,3876919036.6103096
2019-09-07 00:00:00 UTC,1.0002489788881939,446511030.87357086,360335012.6053162
2019-09-08 00:00:00 UTC,0.9982058238156399,445772728.63461846,330648071.7080778
2019-09-09 00:00:00 UTC,0.9981198132808566,442586602.0146098,307029960.2758662
2019-09-10 00:00:00 UTC,0.997560700925979,439472293.65156233,436352486.5919638
2019-09-11 00:00:00 UTC,0.9987692889920716,438282022.3018438,352997077.46729445
2019-09-12 00:00:00 UTC,0.9984951682298693,435198800.681687,224842496.39277914
2019-09-13 00:00:00 UTC,0.9970296722283111,433572249.62319815,265600106.38629207
2019-09-14 00:00:00 UTC,0.9979826117654522,426830025.08028054,224968542.99084923
2019-09-15 00:00:00 UTC,0.9978712679260549,426445725.39024556,231239697.5683433
2019-09-16 00:00:00 UTC,0.9995292155998214,426493844.07580906,198726658.74315104
2019-09-17 00:00:00 UTC,1.0007580474575828,422679815.7054519,412431742.8447038
2019-09-18 00:00:00 UTC,1.0001760966317321,413833926.7714533,264895671.039237
2019-09-19 00:00:00 UTC,0.9998160674703465,403507113.6496205,257853628.02598286
2019-09-20 00:00:00 UTC,0.9992868300148477,401303135.2643267,309755950.4392445
2019-09-21 00:00:00 UTC,1.0007559397005221,395314343.12290305,231933483.1026734
2019-09-22 00:00:00 UTC,0.9997946382990199,394404952.79977167,223122283.23724446
2019-09-23 00:00:00 UTC,0.9991738968844498,393355259.3289407,185478030.77074653
2019-09-24 00:00:00 UTC,1.0006338017592498,390231911.6421336,203393702.9965852
2019-09-25 00:00:00 UTC,1.0028113065152802,393088072.60748476,339190392.35570306
2019-09-26 00:00:00 UTC,0.9994542098542402,417168838.02210265,256510892.43852654
2019-09-27 00:00:00 UTC,0.9990622897485897,417682090.05129814,232873490.64979944
2019-09-28 00:00:00 UTC,0.9977430944644141,427756527.65687597,184311302.84267876
2019-09-29 00:00:00 UTC,1.0009799128730257,428807538.58156097,150168829.92417514
2019-09-30 00:00:00 UTC,0.9996880343255223,428916763.6763414,155029617.70521343
2019-10-01 00:00:00 UTC,1.0001435040064774,430018640.03666925,224433890.54244792
2019-10-02 00:00:00 UTC,1.0014369694608007,458187996.01698726,208540038.4761352
2019-10-03 00:00:00 UTC,1.0014369694608007,458187996.01698726,208540038.4761352
2019-10-04 00:00:00 UTC,0.9996271343785249,476767896.0875198,202029626.91487226
2019-10-05 00:00:00 UTC,0.999051233069011,476815969.5393885,193967659.49267817
2019-10-06 00:00:00 UTC,1.00083915065717,477060919.8639706,175402912.54923752
2019-10-07 00:00:00 UTC,1.0010387057093162,476313015.3704316,197592263.12892568
2019-10-08 00:00:00 UTC,0.9975264654815348,470965851.3341553,222672021.1182147
2019-10-09 00:00:00 UTC,0.9979862654608961,467288581.34714526,227430483.91704008
2019-10-10 00:00:00 UTC,0.999213386385324,463494913.74995106,270174091.5048364
2019-10-11 00:00:00 UTC,0.9978527109026627,469017200.2575943,270621463.3591104
2019-10-12 00:00:00 UTC,0.9990924474175846,469010773.7231136,257143752.7017123
2019-10-13 00:00:00 UTC,1.0018325870067666,470533551.95925987,210638906.8729606
2019-10-14 00:00:00 UTC,1.0023948536238805,471133124.73303634,183686183.78877187
2019-10-15 00:00:00 UTC,1.001489261410135,470233770.8283937,224394296.354661
2019-10-16 00:00:00 UTC,1.0025580254066206,473217880.402436,258290811.5552014
2019-10-17 00:00:00 UTC,1.0001606230002464,476097248.5111691,299348712.8725677
2019-10-18 00:00:00 UTC,1.0005629657036181,475850275.69137156,188555112.5161853
2019-10-19 00:00:00 UTC,1.0003226861824748,476413602.7583293,185472440.05570552
2019-10-20 00:00:00 UTC,1.0005324781418508,476727548.36233443,151564500.60667145
2019-10-21 00:00:00 UTC,1.000947996900948,476655628.17130053,163582758.95903003
2019-10-22 00:00:00 UTC,0.999777898216052,478080072.9024328,213583243.98467624
2019-10-23 00:00:00 UTC,1.0005338262622923,463171435.1562667,165360376.0085544
2019-10-24 00:00:00 UTC,1.0006702549726785,465259485.60983896,218548871.31891686
2019-10-25 00:00:00 UTC,0.9991796233400789,478945129.6219562,172995763.8354561
2019-10-26 00:00:00 UTC,0.999519106982528,483180224.9641999,283960761.9984193
2019-10-27 00:00:00 UTC,0.9987982931532492,481720470.3600365,320980296.5991366
2019-10-28 00:00:00 UTC,0.9946369750054868,474850471.7431545,242219737.9876108
2019-10-29 00:00:00 UTC,0.9978483066350318,473552793.8754512,256957358.69498608
2019-10-30 00:00:00 UTC,0.9977746842110575,471934371.1204979,260120690.84973496
2019-10-31 00:00:00 UTC,0.9987475281481554,468122310.7249138,265040006.0514026
2019-11-01 00:00:00 UTC,0.999274546511272,464372972.3163494,215891095.2759637
2019-11-02 00:00:00 UTC,1.000418096671205,472418450.03486264,216752316.67978993
2019-11-03 00:00:00 UTC,0.9990751980570356,470761254.23523694,199666693.52303606
2019-11-04 00:00:00 UTC,0.9999611315461167,469719465.70042354,187569566.59332824
2019-11-05 00:00:00 UTC,0.9974389763018301,447779285.1845212,276374641.08941364
2019-11-06 00:00:00 UTC,0.9987153381432341,470003246.3873693,257495557.02359444
2019-11-07 00:00:00 UTC,0.9996983684566673,461157226.9763173,251078808.07426745
2019-11-08 00:00:00 UTC,1.0010565729786858,461193129.2890375,232023949.0432165
2019-11-09 00:00:00 UTC,1.0003131844778819,455273770.34889656,261678044.09124252
2019-11-10 00:00:00 UTC,1.000911152941093,454961073.264834,172383747.96018755
2019-11-11 00:00:00 UTC,1.001138251798526,454295397.6350058,193545599.88798034
2019-11-12 00:00:00 UTC,1.0016381664804908,453176167.5470094,236972312.2807514
2019-11-13 00:00:00 UTC,1.0010777876636974,452407099.42696834,236381013.28821382
2019-11-14 00:00:00 UTC,1.0008222047181932,450041636.1216738,205694523.27778938
2019-11-15 00:00:00 UTC,1.001132342294913,441647688.5061362,193863018.72955975
2019-11-16 00:00:00 UTC,1.0022504609888356,441606102.27584386,203389842.23191583
2019-11-17 00:00:00 UTC,1.0024624573744425,444931115.8109486,157676090.61799878
2019-11-18 00:00:00 UTC,1.0021617238964509,444357527.74195164,283438953.70713794
2019-11-19 00:00:00 UTC,1.0022466271638724,444616084.46138656,263144710.89135104
2019-11-20 00:00:00 UTC,1.002238454132794,442495947.64627945,229425306.19555935
2019-11-21 00:00:00 UTC,1.0026444259528744,433592629.09587765,203937961.70059085
2019-11-22 00:00:00 UTC,1.002754801116661,445294157.78010476,224172898.9006436
2019-11-23 00:00:00 UTC,1.0001836410836906,444448266.7693969,303471149.9704634
2019-11-24 00:00:00 UTC,1.0010583234241508,446370841.4173385,215736672.202931
2019-11-25 00:00:00 UTC,0.9976068857733882,444771592.3545685,153595376.88291302
2019-11-26 00:00:00 UTC,0.9997313711067254,458938236.29982877,248531586.50562626
2019-11-27 00:00:00 UTC,0.9998066571561781,461348398.6644418,210484392.0835616
2019-11-28 00:00:00 UTC,0.997961486469924,466383703.16640764,284270328.9656402
2019-11-29 00:00:00 UTC,0.9992194384389496,457716963.7651221,266433789.12532413
2019-11-30 00:00:00 UTC,1.000119428295081,457191553.7259182,215961258.50125784
2019-12-01 00:00:00 UTC,0.9987487102464228,457052632.43507254,177468687.69250935
2019-12-02 00:00:00 UTC,0.9983698240932136,457651531.0494574,188225624.74365044
2019-12-03 00:00:00 UTC,0.9990299384687972,459213411.1935572,203387264.1222348
2019-12-04 00:00:00 UTC,0.9980554971734943,466090974.26354545,197923870.0879765
2019-12-05 00:00:00 UTC,0.998356063379505,465581562.4335503,215561382.51067552
2019-12-06 00:00:00 UTC,0.9990697396684011,465767167.64132273,239619616.81679088
2019-12-07 00:00:00 UTC,0.9987143999512308,465972827.999542,250142014.17757747
2019-12-08 00:00:00 UTC,0.9973092690993407,464366717.65207267,255861088.2977901
2019-12-09 00:00:00 UTC,0.9964924074553293,464124743.6894987,307660614.5517987
2019-12-10 00:00:00 UTC,0.9996507431207344,486394053.3802253,254429735.33196262
2019-12-11 00:00:00 UTC,0.9997608804690965,482079787.9169048,300020045.08509946
2019-12-12 00:00:00 UTC,1.0002736414563895,478606595.8298651,182619745.14692637
2019-12-13 00:00:00 UTC,1.0004249563852579,478625073.66141963,218187689.0896008
2019-12-14 00:00:00 UTC,1.0000257403494788,476917418.4607891,192087036.0245956
2019-12-15 00:00:00 UTC,1.0007883101464636,477026325.19769794,172405842.1509965
2019-12-16 00:00:00 UTC,0.999594122673573,478098103.25889987,203933752.8747327
2019-12-17 00:00:00 UTC,1.0021734955652064,469893385.49566233,223951324.47221524
2019-12-18 00:00:00 UTC,1.0013496881496222,465519241.0853392,304808326.2556383
2019-12-19 00:00:00 UTC,0.9994543103051127,475749306.17700166,481166102.60858095
2019-12-20 00:00:00 UTC,1.0014487119929072,512185140.7951064,255551690.52056393
2019-12-21 00:00:00 UTC,1.000632422428064,524923971.9161703,230928167.207609
2019-12-22 00:00:00 UTC,1.0003993940444846,525086871.60067534,237941256.81033313
2019-12-23 00:00:00 UTC,1.0028431259352255,526397205.57262635,243254136.31647077
2019-12-24 00:00:00 UTC,1.0009013694046667,524912556.13937473,264053669.96834567
2019-12-25 00:00:00 UTC,1.0017648948606397,520897437.2672532,245713460.42839143
2019-12-26 00:00:00 UTC,1.0017613300841914,520903668.6308003,227528434.71226367
2019-12-27 00:00:00 UTC,1.001799939868859,520901260.55519515,236606602.52013072
2019-12-28 00:00:00 UTC,1.0015264014403435,522616859.9091051,243808553.6403527
2019-12-29 00:00:00 UTC,1.001637203891738,522142727.25609154,230450957.9693587
2019-12-30 00:00:00 UTC,1.0002353585670414,521992558.33373535,241359619.88454166
2019-12-31 00:00:00 UTC,1.001253341189355,521144821.0190654,336544599.69614625
2020-01-01 00:00:00 UTC,1.0031723760053017,522027683.379936,235182743.9392602
2020-01-02 00:00:00 UTC,1.0033463682511732,520207772.344799,215618098.82023174
2020-01-03 00:00:00 UTC,1.0024337376043237,519915525.6515283,272591127.39166415
2020-01-04 00:00:00 UTC,1.0001299406216881,518840356.23984027,319466024.06633407
2020-01-05 00:00:00 UTC,1.0011328053531696,518952465.89391094,233728422.58252147
2020-01-06 00:00:00 UTC,1.0005001016376387,517973272.0167182,243499530.79223964
2020-01-07 00:00:00 UTC,0.9995427434685223,513964830.89622414,317566485.9564313
2020-01-08 00:00:00 UTC,0.9991398120540471,490317289.1346477,362374029.49344057
2020-01-09 00:00:00 UTC,0.9963422485458072,469784290.45929223,348802962.6513395
2020-01-10 00:00:00 UTC,1.0004192458659897,461732414.6320353,261845670.60260576
2020-01-11 00:00:00 UTC,1.0028003486908554,458520665.0113552,324671141.1630443
2020-01-12 00:00:00 UTC,0.9978451372823341,448892629.9786288,260012602.16400465
2020-01-13 00:00:00 UTC,0.999948827900381,449197501.3252703,255131331.64024284
2020-01-14 00:00:00 UTC,0.9988351849893212,447171709.5100277,272095710.1490189
2020-01-15 00:00:00 UTC,0.9999219665073306,432020884.2093037,416258625.129138
2020-01-16 00:00:00 UTC,1.0006294830616826,452134110.28727376,492603662.0778319
2020-01-17 00:00:00 UTC,1.0003777784150112,448456801.4371989,479556401.04094285
2020-01-18 00:00:00 UTC,0.9977243470840421,444757303.0433652,411207373.0387257
2020-01-19 00:00:00 UTC,0.9998060330031416,444284972.3799664,362539943.1080856
2020-01-20 00:00:00 UTC,0.9985723594637921,444638589.319839,371515172.9765642
2020-01-21 00:00:00 UTC,0.9993678027793242,444694131.16606486,295826464.19505453
2020-01-22 00:00:00 UTC,0.9993263708301796,447471889.2737792,279195514.7977273
2020-01-23 00:00:00 UTC,1.0021384322391766,458243977.46829826,256626144.28933
2020-01-24 00:00:00 UTC,1.0018182627068517,449166379.97517234,285640886.24212086
2020-01-25 00:00:00 UTC,1.0011238460704248,449600265.5833716,286107928.3348797
2020-01-26 00:00:00 UTC,1.0006639088536755,449476884.2306004,244210459.7461761
2020-01-27 00:00:00 UTC,1.0021076863369747,449139167.0478376,256635271.59950927
2020-01-28 00:00:00 UTC,1.000433419436237,445977554.67270446,370238584.8472316
2020-01-29 00:00:00 UTC,1.001122451694941,446882008.2728506,448288919.4254742
2020-01-30 00:00:00 UTC,1.0030732387476213,447850721.2904782,329305030.0167714
2020-01-31 00:00:00 UTC,1.007384162924156,442466920.59014815,260192382.22507098
2020-02-01 00:00:00 UTC,0.9975905511460726,440802894.1427316,366405556.2101646
2020-02-02 00:00:00 UTC,1.000172262653952,438558615.1972161,278191383.73201495
2020-02-03 00:00:00 UTC,1.0017872529153813,438330505.30361515,334030142.13667685
2020-02-04 00:00:00 UTC,1.0033354568085155,437557126.48084635,334301385.17042893
2020-02-05 00:00:00 UTC,1.0026668839618669,435829631.73077965,334893848.6144629
2020-02-06 00:00:00 UTC,1.0001499845462867,426708639.3422842,416384830.7855318
2020-02-07 00:00:00 UTC,1.002281050637337,426671373.9425294,450390087.90382826
2020-02-08 00:00:00 UTC,1.0012945855248585,423899680.5617039,612416564.8624064
2020-02-09 00:00:00 UTC,0.9985122982711507,421470434.6481834,575172821.4824011
2020-02-10 00:00:00 UTC,1.0010865234703594,426484982.769061,577106262.777098
2020-02-11 00:00:00 UTC,1.000559511003189,422144695.63668936,682099371.5451578
2020-02-12 00:00:00 UTC,0.9960673261023982,420429610.02102655,814352254.1290025
2020-02-13 00:00:00 UTC,0.9979514058354851,430565815.04699016,499659250.9941085
2020-02-14 00:00:00 UTC,0.9995124263994807,429206850.9869917,795445090.9869655
2020-02-15 00:00:00 UTC,0.9968515754411725,429538978.04663086,1810793377.7672596
2020-02-16 00:00:00 UTC,0.999290541644035,429266918.2678881,790480767.6564709
2020-02-17 00:00:00 UTC,0.9972443872970812,430850991.62091583,876066590.9633191
2020-02-18 00:00:00 UTC,1.0004951727755653,430318294.5052081,929129188.4125775
2020-02-19 00:00:00 UTC,0.9965722330824638,432640417.0049491,689684457.0925375
2020-02-20 00:00:00 UTC,0.9997701722419267,434416692.9648715,789192760.0666754
2020-02-21 00:00:00 UTC,0.99972217796049,425180738.6769657,922604140.8909782
2020-02-22 00:00:00 UTC,0.997794414961608,424407128.4289221,937912507.0886436
2020-02-23 00:00:00 UTC,0.9987065824140435,425934494.76238275,869696962.2647609
2020-02-24 00:00:00 UTC,0.995674907350327,424523237.5337561,963993785.4022366
2020-02-25 00:00:00 UTC,1.0000981120163825,427141133.313967,1041052749.6523744
2020-02-26 00:00:00 UTC,1.0006108114692402,428152154.6045574,968460070.3150461
2020-02-27 00:00:00 UTC,1.00117595994388,430280212.03897715,1080225894.2333267
2020-02-28 00:00:00 UTC,1.0023953620986088,442683070.96539927,1037984076.0452267
2020-02-29 00:00:00 UTC,0.9972099815214216,444737275.3542712,981166187.7326924
2020-03-01 00:00:00 UTC,0.9982437635694686,444538917.71692306,863646820.5199721
2020-03-02 00:00:00 UTC,1.0033074513914941,445667651.9329806,833220836.6504524
2020-03-03 00:00:00 UTC,1.000198808887739,457244830.19271606,903368008.5865643
2020-03-04 00:00:00 UTC,1.000404484476879,468968352.68741703,950860602.2740312
2020-03-05 00:00:00 UTC,1.0010607136404595,468927308.371022,735162923.3795483
2020-03-06 00:00:00 UTC,0.9990746483863838,462571692.7938007,704651380.9283665
2020-03-07 00:00:00 UTC,0.9981382957729691,462713791.6625834,1350469901.527118
2020-03-08 00:00:00 UTC,1.0006787187546513,464653647.0429611,1172262395.507939
2020-03-09 00:00:00 UTC,1.0014391268876024,460009438.3731151,1311414526.7305403
2020-03-10 00:00:00 UTC,1.0007510512555875,460225304.0707362,1288989238.02497
2020-03-11 00:00:00 UTC,1.0016436965091318,457583949.4289563,1492210276.5475967
2020-03-12 00:00:00 UTC,1.001603710581512,467915567.55711335,1266012034.5877752
2020-03-13 00:00:00 UTC,1.0047283778353517,518795787.6768131,1245605483.8653967
2020-03-14 00:00:00 UTC,0.9983402567546711,563821751.9878129,795413199.4286765
2020-03-15 00:00:00 UTC,1.0039544686054684,564599306.1280397,533157619.10343015
2020-03-16 00:00:00 UTC,1.0036785422998418,604610634.9683182,675124870.7591795
2020-03-17 00:00:00 UTC,1.0047372892722273,606271145.5514683,644514306.6056744
2020-03-18 00:00:00 UTC,0.9964594029784715,626587117.301826,531370905.2387637
2020-03-19 00:00:00 UTC,0.9985604671250208,628140652.7908068,613702399.941707
2020-03-20 00:00:00 UTC,0.9961854943476488,651712527.0901664,1026169260.3110405
2020-03-21 00:00:00 UTC,1.0037029706564846,646624347.2605398,877920224.0967498
2020-03-22 00:00:00 UTC,1.0012574363978322,668188336.8126515,1015260283.4880077
2020-03-23 00:00:00 UTC,0.9993763519624596,669658760.7639562,616291307.9542409
2020-03-24 00:00:00 UTC,0.9963952840323843,670753143.6639024,673823849.0250514
2020-03-25 00:00:00 UTC,0.9973876975061845,689313852.0207161,675825355.3842313
2020-03-26 00:00:00 UTC,0.999641368352244,688998447.5278789,652316538.5436517
2020-03-27 00:00:00 UTC,0.9996340594793864,686111344.1450291,775955790.2349017
2020-03-28 00:00:00 UTC,0.999561421375461,685378083.2395126,838236386.7837901
2020-03-29 00:00:00 UTC,1.0011367944186775,689133980.8701726,755666467.5168457
2020-03-30 00:00:00 UTC,0.9971307824656744,693876956.1750433,245006604.78640372
2020-03-31 00:00:00 UTC,0.9961179531386765,691237918.2315929,846837762.8139517
2020-04-01 00:00:00 UTC,0.9976921690131064,693220680.8761803,697834904.2601203
2020-04-02 00:00:00 UTC,1.004222859468392,695999746.8676683,849057829.24838
2020-04-03 00:00:00 UTC,1.0000815477034508,693825977.9573314,1075521389.1496263
2020-04-04 00:00:00 UTC,0.9985925985279768,702995459.0496572,743856615.4529365
2020-04-05 00:00:00 UTC,0.9987349573962893,702183762.2263031,683278024.9285285
2020-04-06 00:00:00 UTC,0.998677275769821,700351785.9532694,656079597.3523041
2020-04-07 00:00:00 UTC,1.0006047949357366,686220118.5882337,822695950.2972647
2020-04-08 00:00:00 UTC,1.0006717615641718,697129227.8748251,823679836.804425
2020-04-09 00:00:00 UTC,0.998117215340145,713025412.0498028,705263302.3278741
2020-04-10 00:00:00 UTC,0.9985916171892774,711749677.2361809,686913919.0428461
2020-04-11 00:00:00 UTC,0.9999070127774103,710557996.5720296,764121123.328966
2020-04-12 00:00:00 UTC,1.0002455159354662,710605126.3832203,599365409.6705676
2020-04-13 00:00:00 UTC,0.9972226996887402,717420223.5485502,729412617.0459137
2020-04-14 00:00:00 UTC,0.9990078191203117,725680674.1013851,663373327.2976633
2020-04-15 00:00:00 UTC,1.0003597136977505,735203086.3351213,662281291.9462079
2020-04-16 00:00:00 UTC,0.9990579550952902,735988497.3269466,744862726.8572719
2020-04-17 00:00:00 UTC,0.9957025952392343,731850212.5002102,989974822.6269112
2020-04-18 00:00:00 UTC,0.9951787311828305,725926636.3326521,671664121.0672274
2020-04-19 00:00:00 UTC,0.9983284211847373,728802965.2089361,798216731.5189987
2020-04-20 00:00:00 UTC,0.9985567190414987,726847322.4314647,818004885.3033566
2020-04-21 00:00:00 UTC,0.9997959263158033,735999651.2162118,572464715.2621422
2020-04-22 00:00:00 UTC,0.9978405835771356,725055953.8947275,441309299.8042598
2020-04-23 00:00:00 UTC,0.9987640920170542,726234993.084403,358948342.65895784
2020-04-24 00:00:00 UTC,0.9969715576564201,731974511.4602822,343592905.74783546
2020-04-25 00:00:00 UTC,0.9989058547321008,753828819.5288835,367788392.7736398
2020-04-26 00:00:00 UTC,1.0003929300317305,756062774.4265237,330440079.86288154
2020-04-27 00:00:00 UTC,1.0016644448400955,755111871.3609258,366817544.7626419
2020-04-28 00:00:00 UTC,0.9999003109610604,752281854.0268748,362644570.5326517
2020-04-29 00:00:00 UTC,0.9981295717230332,731366477.6432449,359512626.0236541
2020-04-30 00:00:00 UTC,1.0013554916095526,726001387.6809443,541836441.700623
2020-05-01 00:00:00 UTC,0.9986108447826212,726339842.3036596,539464213.0920393
2020-05-02 00:00:00 UTC,0.997508088505031,712603897.3667877,433505276.58650625
2020-05-03 00:00:00 UTC,0.9992169585403311,711461081.998467,410594833.8501485
2020-05-04 00:00:00 UTC,1.0000801583336454,710346518.5952376,485835848.32157934
2020-05-05 00:00:00 UTC,0.9994980599431069,710793061.892259,513922363.5750997
2020-05-06 00:00:00 UTC,1.0027353121203197,714139098.0764958,479573291.26554155
2020-05-07 00:00:00 UTC,0.9902590523189618,711778609.4569646,447675593.0873775
2020-05-08 00:00:00 UTC,0.9996850398559134,722023647.2657845,493511244.25911134
2020-05-09 00:00:00 UTC,0.9958660723562558,721261346.0345861,501028019.55683666
2020-05-10 00:00:00 UTC,0.9980518561448015,722268679.6848058,470239212.46421367
2020-05-11 00:00:00 UTC,1.0009524586031848,746986294.5184163,559220999.1340741
2020-05-12 00:00:00 UTC,0.9968589434492247,745026108.0976496,502404872.49638623
2020-05-13 00:00:00 UTC,0.9984829877834487,748338008.3129935,262041202.83071202
2020-05-14 00:00:00 UTC,0.9992437824780578,769698234.2121347,271155818.0616521
2020-05-15 00:00:00 UTC,0.9981332857302605,726205937.7273135,318371122.33777744
2020-05-16 00:00:00 UTC,1.0005141192915261,727130462.7029525,394797762.0359369
2020-05-17 00:00:00 UTC,0.997223872438163,724661419.0324489,286250340.4572469
2020-05-18 00:00:00 UTC,1.0005186775938009,726279460.7906011,291305938.50832725
2020-05-19 00:00:00 UTC,0.998573387540663,724994740.6712723,316849748.165519
2020-05-20 00:00:00 UTC,0.9993991193056524,726086023.6009628,311122022.37020653
2020-05-21 00:00:00 UTC,0.999438009604905,733473515.8591721,492318560.85629904
2020-05-22 00:00:00 UTC,0.9990136427302023,730845882.9267601,484470192.62215793
2020-05-23 00:00:00 UTC,0.9983701167026927,730001403.3431634,278616257.18994504
2020-05-24 00:00:00 UTC,0.9992764191847568,730880485.3416296,263805365.73970562
2020-05-25 00:00:00 UTC,0.9956177792820147,728156160.0336694,270540481.8672133
2020-05-26 00:00:00 UTC,0.9984167638196215,738174061.4146312,279006913.69966054
2020-05-27 00:00:00 UTC,0.9999543465724609,738446276.7816564,262626642.50146356
2020-05-28 00:00:00 UTC,1.0009183384151248,740107622.6675003,281919240.839867
2020-05-29 00:00:00 UTC,0.9987329129829876,744293975.1588621,317766198.94018626
2020-05-30 00:00:00 UTC,0.9995545855703174,746020197.8585399,277948081.5623762
2020-05-31 00:00:00 UTC,1.0015957888673344,747124387.2272228,316020116.6157847
2020-06-01 00:00:00 UTC,1.0027976722856158,732150216.5376983,292859242.7285706
2020-06-02 00:00:00 UTC,0.9993749786393998,729757861.4890602,334905674.44295585
2020-06-03 00:00:00 UTC,1.0001876406592345,741158313.3439527,364121674.5040776
2020-06-04 00:00:00 UTC,1.001518690950732,737553655.5317508,233969051.18942085
2020-06-05 00:00:00 UTC,1.0007186438107143,739424342.5066432,253325938.30823323
2020-06-06 00:00:00 UTC,0.9954749922781776,738419597.7544234,231924382.5197796
2020-06-07 00:00:00 UTC,1.0003701714416262,740762680.7961416,217865312.7206755
2020-06-08 00:00:00 UTC,1.0001257855677799,739704499.2326907,250152958.16427612
2020-06-09 00:00:00 UTC,1.002108355464714,745158033.3193972,221059834.69154885
2020-06-10 00:00:00 UTC,1.000316340614444,744872916.4521662,230641684.29314986
2020-06-11 00:00:00 UTC,0.9990052123962311,733633526.8767825,240480825.72192025
2020-06-12 00:00:00 UTC,1.0016930605134697,734705830.3541173,315699842.004886
2020-06-13 00:00:00 UTC,1.0012748898740342,733293831.2942289,252966862.4959129
2020-06-14 00:00:00 UTC,1.0003001400679197,742538868.0773146,215319413.60100597
2020-06-15 00:00:00 UTC,0.999952285348053,742292747.0024977,246914509.47814476
2020-06-16 00:00:00 UTC,0.999502716937419,752372162.3502809,314007971.7815747
2020-06-17 00:00:00 UTC,1.0001893494657992,771764657.3863115,301760221.2167542
2020-06-18 00:00:00 UTC,1.0011249317112763,802944492.513287,289450001.9578901
2020-06-19 00:00:00 UTC,1.000654993176138,830636248.2913487,281460245.7995019
2020-06-20 00:00:00 UTC,1.0018502293316303,882367706.8801985,336150441.9625946
2020-06-21 00:00:00 UTC,1.0005186965073836,912533593.5133835,265679053.4981413
2020-06-22 00:00:00 UTC,1.000664195907792,933298871.5077286,284936007.508573
2020-06-23 00:00:00 UTC,0.999796238580518,951762279.3465331,290653524.34495056
2020-06-24 00:00:00 UTC,1.0007887532277406,945441840.5776713,257472247.86024776
2020-06-25 00:00:00 UTC,0.9999999826871396,940124658.3092698,303771321.2945904
2020-06-26 00:00:00 UTC,1.0006118918468176,941549148.7301837,270315826.9159886
2020-06-27 00:00:00 UTC,1.0009024503400223,953580578.7061626,268234559.19969466
2020-06-28 00:00:00 UTC,1.001305080740149,984604097.0120062,284012533.2508373
2020-06-29 00:00:00 UTC,1.0023022254274478,984899580.5416621,223360617.4604744
2020-06-30 00:00:00 UTC,1.0000263163427443,981974100.2597303,234431291.32047546
2020-07-01 00:00:00 UTC,0.9997359752411183,986360473.6334208,231312004.09369507
2020-07-02 00:00:00 UTC,1.0000295273574373,1001687047.6224031,292760509.6642639
2020-07-03 00:00:00 UTC,0.9997415754075474,998027102.5424787,422188825.102627
2020-07-04 00:00:00 UTC,1.0002564176280642,1039334175.7074555,293302248.1872869
2020-07-05 00:00:00 UTC,1.0003619486644977,1038416511.5737238,236279300.59239838
2020-07-06 00:00:00 UTC,1.0003764713209629,1039017303.0517623,237172659.8986502
2020-07-07 00:00:00 UTC,1.0006337437804789,1046503700.3462797,268431513.4490005
2020-07-08 00:00:00 UTC,1.0001943576914964,1045241767.9151794,319451269.37190396
2020-07-09 00:00:00 UTC,0.9997755922125451,1069778242.0044993,394606351.8159455
2020-07-10 00:00:00 UTC,1.0008699951946494,1080064567.4571245,297927470.39129364
2020-07-11 00:00:00 UTC,0.999672660888025,1100018698.5456731,283076626.0579369
2020-07-12 00:00:00 UTC,1.0001581489151523,1108808903.8666234,236616284.01884207
2020-07-13 00:00:00 UTC,0.9999559380572542,1108342350.1482303,250237780.69354948
2020-07-14 00:00:00 UTC,1.0001828632036152,1107133398.0999322,300858982.1001685
2020-07-15 00:00:00 UTC,0.9991970022695054,1100954441.8091235,289617670.16317683
2020-07-16 00:00:00 UTC,1.0001153160715401,1107994136.0053897,261130249.8208788
2020-07-17 00:00:00 UTC,1.0005074331179442,1105670919.577784,292522374.73341304
2020-07-18 00:00:00 UTC,1.000014037696874,1105525121.1327002,292466797.25869477
2020-07-19 00:00:00 UTC,0.9990098474428519,1123580301.1853998,276551077.83190644
2020-07-20 00:00:00 UTC,1.0000659959990694,1124222591.973487,312216676.7926827
2020-07-21 00:00:00 UTC,0.9994170230973684,1109330262.801889,382410793.4087905
2020-07-22 00:00:00 UTC,0.9996013552977295,1117656662.440425,308161493.5948944
2020-07-23 00:00:00 UTC,0.9997157361154735,1117412376.3059,312308499.32187027
2020-07-24 00:00:00 UTC,0.9985522954035756,1111666685.4305582,397573043.28400624
2020-07-25 00:00:00 UTC,0.9988032815301531,1109062843.9961011,362275810.9277988
2020-07-26 00:00:00 UTC,0.9981858395466434,1106484357.6707036,457604910.50018084
2020-07-27 00:00:00 UTC,0.9982098169249052,1166058591.6456563,487950518.07902604
2020-07-28 00:00:00 UTC,0.9970754736160403,1168067160.1914525,548627343.2749697
2020-07-29 00:00:00 UTC,0.9968405626790642,1167917744.0705433,457005008.7040159
2020-07-30 00:00:00 UTC,0.9990208089511713,1165546374.2830808,428073701.2984253
2020-07-31 00:00:00 UTC,0.9976038323905456,1145335232.2984748,438414588.8469227
2020-08-01 00:00:00 UTC,0.9991574945623206,1079713381.6320226,417906726.38067114
2020-08-02 00:00:00 UTC,0.9995793155075181,1087114065.7729323,541497204.6987658
2020-08-03 00:00:00 UTC,0.9985508969971925,1097449796.9699798,597271692.7860662
2020-08-04 00:00:00 UTC,0.9990557182949704,1084969022.8676772,456673103.0788176
2020-08-05 00:00:00 UTC,0.9994825858105585,1082620640.856064,379651060.685718
2020-08-06 00:00:00 UTC,1.0017719013817683,1080663525.1038458,402087845.6570755
2020-08-07 00:00:00 UTC,0.999670527372976,1093371177.3314512,358951487.41314274
2020-08-08 00:00:00 UTC,0.9992582650327314,1108253404.1808832,421848474.8720786
2020-08-09 00:00:00 UTC,0.9994978704358852,1147426899.5944264,375108948.26428616
2020-08-10 00:00:00 UTC,1.0003280476396585,1146087515.7526047,355355743.1187208
2020-08-11 00:00:00 UTC,0.9997521779624462,1123043260.7744231,520950327.5240727
2020-08-12 00:00:00 UTC,1.0005076549837333,1133850753.8488352,467907270.4956814
2020-08-13 00:00:00 UTC,0.9988592229152012,1161006416.978696,456314637.178322
2020-08-14 00:00:00 UTC,0.9990953778658325,1177494755.2865477,539201203.9194254
2020-08-15 00:00:00 UTC,1.000326361819151,1205711262.4834569,583098829.8342793
2020-08-16 00:00:00 UTC,0.9991392112569878,1201078658.2774494,417132164.54983735
2020-08-17 00:00:00 UTC,1.0003673611753687,1202780392.5956528,414636980.58114034
2020-08-18 00:00:00 UTC,0.9984933639128687,1218933979.1021347,501462218.91044587
2020-08-19 00:00:00 UTC,0.9985454221651382,1246578444.2031455,473374273.1901028
2020-08-20 00:00:00 UTC,1.0000318687377916,1276066353.7569458,461354374.61180127
2020-08-21 00:00:00 UTC,1.0000773760270159,1308639523.728695,453054402.9010838
2020-08-22 00:00:00 UTC,0.9996347792401267,1318000930.5146458,448270873.16397786
2020-08-23 00:00:00 UTC,0.999937157638972,1337354144.711165,387245756.92302084
2020-08-24 00:00:00 UTC,0.998890936300689,1355621233.419084,328593794.643848
2020-08-25 00:00:00 UTC,0.999771506023629,1362784249.768138,405766944.30905515
2020-08-26 00:00:00 UTC,1.0009262664802252,1382944810.458472,388951164.65805805
2020-08-27 00:00:00 UTC,0.9995162597448934,1400055980.5252311,350236981.7106605
2020-08-28 00:00:00 UTC,1.000242372962949,1425062753.358413,387320060.1230866
2020-08-29 00:00:00 UTC,1.0004783239457786,1426970999.7092268,421696139.282248
2020-08-30 00:00:00 UTC,0.9986201796839732,1461801398.6087902,343124716.67786485
2020-08-31 00:00:00 UTC,1.0020267925715236,1474977047.6541266,395937094.0659456
2020-09-01 00:00:00 UTC,0.9992648611816597,1478076251.8016133,423654990.61801106
2020-09-02 00:00:00 UTC,0.9969004340612179,1526243028.7079127,559780272.5215607
2020-09-03 00:00:00 UTC,0.9986442994573006,1521629075.9415684,687161717.7152021
2020-09-04 00:00:00 UTC,0.9988448898748373,1585737956.6690319,693411272.6871446
2020-09-05 00:00:00 UTC,1.00129394101989,1654937550.5016477,684252706.4975796
2020-09-06 00:00:00 UTC,1.0046819716856121,1697373902.1664443,814475976.0160651
2020-09-07 00:00:00 UTC,0.9997996193437562,1738405992.2687464,546556115.357817
2020-09-08 00:00:00 UTC,0.9995183539045774,1770732237.4398816,557004819.6992531
2020-09-09 00:00:00 UTC,1.003155674209069,1807864449.2229712,502079562.4300831
2020-09-10 00:00:00 UTC,1.000442927105615,1837881410.189869,603825001.3461837
2020-09-11 00:00:00 UTC,1.001498216525474,1851977261.2539766,585226498.0905051
2020-09-12 00:00:00 UTC,0.9998437067773658,1917867506.5807374,564587068.5988395
2020-09-13 00:00:00 UTC,1.0030096050982844,1960519721.8583548,502526820.1976441
2020-09-14 00:00:00 UTC,1.0008255335377496,1998726032.5454571,547654013.8366934
2020-09-15 00:00:00 UTC,1.0012263334093514,2019992601.2929616,702897607.1511428
2020-09-16 00:00:00 UTC,1.0007654886089237,2078905551.438918,663740043.5432696
2020-09-17 00:00:00 UTC,0.9976976246800079,2077721052.1765475,578911064.2276399
2020-09-18 00:00:00 UTC,0.9993926692753122,2108597204.2582428,631808319.0109358
2020-09-19 00:00:00 UTC,0.9994701726176157,2181447456.315563,540176769.0548201
2020-09-20 00:00:00 UTC,1.000037545911746,2286773731.0024242,691079131.3950043
2020-09-21 00:00:00 UTC,1.0007064875520548,2348242845.909112,468955027.32877946
2020-09-22 00:00:00 UTC,0.9983478030845184,2394979222.9095354,594962624.9936932
2020-09-23 00:00:00 UTC,1.0022821944057951,2401695866.3566384,429575553.2539131
2020-09-24 00:00:00 UTC,1.0001705882329055,2447227065.351407,635800336.4218718
2020-09-25 00:00:00 UTC,1.0000999193602222,2508029494.182501,519701104.3190181
2020-09-26 00:00:00 UTC,0.9996564671837846,2510442216.441124,475119862.0011389
2020-09-27 00:00:00 UTC,0.9999029395452942,2551472974.149285,421298934.11169034
2020-09-28 00:00:00 UTC,1.0009524419844216,2602973322.6174245,398987274.23670626
2020-09-29 00:00:00 UTC,0.9971921940552578,2529880667.600386,379554866.3840065
2020-09-30 00:00:00 UTC,0.9997320983911974,2537998073.96049,358093454.6357782
2020-10-01 00:00:00 UTC,0.9996226932488178,2533716802.4001675,365642441.5292608
2020-10-02 00:00:00 UTC,1.000676165822398,2538189510.251488,455268012.3809753
2020-10-03 00:00:00 UTC,1.0012204934435518,2596747526.7960434,447812401.95653135
2020-10-04 00:00:00 UTC,0.9994380420244251,2635139058.2203774,324184525.25681823
2020-10-05 00:00:00 UTC,1.000764967859936,2647091929.9027305,340770435.047733
2020-10-06 00:00:00 UTC,1.0010523476793063,2669784990.243413,376523722.22199583
2020-10-07 00:00:00 UTC,1.0016794295261517,2677147190.387536,462375518.12668824
2020-10-08 00:00:00 UTC,1.0007538924575372,2713582993.421501,397866902.4177938
2020-10-09 00:00:00 UTC,0.999879372881797,2813795125.0234222,459710256.92190325
2020-10-10 00:00:00 UTC,0.9991775982580692,2816482258.1215577,506983508.1155913
2020-10-11 00:00:00 UTC,0.9987544533524086,2860465292.3847547,460661132.65752524
2020-10-12 00:00:00 UTC,1.0003809752998225,2862636123.8835363,403298970.7126014
2020-10-13 00:00:00 UTC,1.0002535610357304,2848010176.608114,463073380.6695121
2020-10-14 00:00:00 UTC,0.9994227081732736,2780366831.515434,428266624.74881333
2020-10-15 00:00:00 UTC,1.000924538288859,2758342399.1525545,444683001.72699815
2020-10-16 00:00:00 UTC,0.9995961608884646,2744150812.0941772,418789142.94408035
2020-10-17 00:00:00 UTC,0.9986836503166967,2708757171.9562745,442591820.48686606
2020-10-18 00:00:00 UTC,1.0006928230876986,2712475151.749408,328079268.62254155
2020-10-19 00:00:00 UTC,1.0006727823058796,2735872028.0376205,309328259.89444435
2020-10-20 00:00:00 UTC,1.0008163404252237,2743403339.074171,429786866.16649514
2020-10-21 00:00:00 UTC,0.9990438336137627,2737764421.015868,485646772.29907477
2020-10-22 00:00:00 UTC,0.9953303688334906,2793509638.933859,660064539.1070497
2020-10-23 00:00:00 UTC,0.9966122989985257,2788502061.450738,632023986.6993785
2020-10-24 00:00:00 UTC,0.999926396931843,2761599310.137967,500052123.99232036
2020-10-25 00:00:00 UTC,0.9997404389319519,2791642605.417038,380748415.8993595
2020-10-26 00:00:00 UTC,0.9986435305907274,2812099248.1348467,376820388.5968539
2020-10-27 00:00:00 UTC,0.998803656605262,2780171009.456109,4962063863.395723
2020-10-28 00:00:00 UTC,0.9996028892380239,2815626165.085987,531592769.7764741
2020-10-29 00:00:00 UTC,1.000616987084448,2845042314.1590133,525161804.5341472
2020-10-30 00:00:00 UTC,0.9991438876931602,2889448405.1759305,452396009.3139229
2020-10-31 00:00:00 UTC,0.9960534456979083,2886046069.208216,420706141.6272306
2020-11-01 00:00:00 UTC,0.9980758765287192,2937044138.621619,368803111.5216607
2020-11-02 00:00:00 UTC,0.9976643932682804,2935020080.8210106,351004616.49778277
2020-11-03 00:00:00 UTC,0.9981074744484321,2941412397.399404,449017365.4835612
2020-11-04 00:00:00 UTC,0.9992731705329225,2925280467.3561506,468789080.7593926
2020-11-05 00:00:00 UTC,0.999407880399336,2895425436.8941345,472589111.1535418
2020-11-06 00:00:00 UTC,0.9973042175243978,2874608521.930977,590703162.7612714
2020-11-07 00:00:00 UTC,0.9979301928071462,2861131229.511066,648683181.8738594
2020-11-08 00:00:00 UTC,0.9982514358316577,2894648969.5961046,625010245.5738231
2020-11-09 00:00:00 UTC,0.9994890517868295,2885939648.0626564,501107126.01392156
2020-11-10 00:00:00 UTC,0.9999006704466064,2852111119.331225,688153346.342306
2020-11-11 00:00:00 UTC,0.9981437113448737,2837068623.0312614,554537460.246881
2020-11-12 00:00:00 UTC,0.9982137881833406,2837664545.069986,505977732.17874414
2020-11-13 00:00:00 UTC,0.9982846299455476,2814909576.684655,583772088.914414
2020-11-14 00:00:00 UTC,0.9995578778125989,2814609667.091551,619171176.9208605
2020-11-15 00:00:00 UTC,0.9990574634481446,2831723901.8477345,722416594.4252164
2020-11-16 00:00:00 UTC,1.0006798920378457,2828793298.3135285,486330411.92851555
2020-11-17 00:00:00 UTC,0.9980196390764678,2833905446.6232657,539265245.7230213
2020-11-18 00:00:00 UTC,0.9985568055193224,2785897567.7697573,652796234.2204152
2020-11-19 00:00:00 UTC,0.9994735400422438,2803800472.3766093,791752947.8265638
2020-11-20 00:00:00 UTC,0.999588309817459,2800505795.8141785,573967793.06767
2020-11-21 00:00:00 UTC,0.9986499881186743,2814073314.116892,649969612.4559406
2020-11-22 00:00:00 UTC,0.9973565719780826,2847988467.941127,702393748.282224
2020-11-23 00:00:00 UTC,0.9967233120011282,2877288663.70948,765793658.4324186
2020-11-24 00:00:00 UTC,0.9979423497295987,2869297041.7482777,748966235.0921167
2020-11-25 00:00:00 UTC,0.9974519348172106,2857242351.562488,843680149.3435756
2020-11-26 00:00:00 UTC,0.9991836163186216,2885506624.348203,754267650.6125286
2020-11-27 00:00:00 UTC,1.0012388022463605,2900492931.940236,1247304619.8463745
2020-11-28 00:00:00 UTC,1.0015837424709837,2914579537.113164,702976130.2956885
2020-11-29 00:00:00 UTC,0.9987218217410161,2970456072.152811,532747488.3452737
2020-11-30 00:00:00 UTC,0.9996996969608474,2969654630.4998374,505414899.7923547
2020-12-01 00:00:00 UTC,0.996558034366188,2974088272.961142,819894318.4737628
2020-12-02 00:00:00 UTC,1.0013830743492949,2986024736.745097,882866286.6329955
2020-12-03 00:00:00 UTC,0.9998729074002953,2973689219.1764083,716902301.2777864
2020-12-04 00:00:00 UTC,0.9992397110568969,2976771003.2500863,636646217.0653131
2020-12-05 00:00:00 UTC,0.9996582380884946,3024346244.112244,647779138.799814
2020-12-06 00:00:00 UTC,1.0009416151229398,3054098687.308913,543889222.698248
2020-12-07 00:00:00 UTC,0.9995793806299861,3082126093.0898714,503877564.49554366
2020-12-08 00:00:00 UTC,1.0001278908290332,3072555830.8456736,538378607.3306541
2020-12-09 00:00:00 UTC,1.0000134471797717,3090738841.3156295,640475073.2175822
2020-12-10 00:00:00 UTC,1.0003104004662084,3088976237.204413,694573554.014333
2020-12-11 00:00:00 UTC,1.0003512371162155,3094211682.9142375,579636682.771572
2020-12-12 00:00:00 UTC,1.0000524170749365,3148910616.29382,612595168.26979
2020-12-13 00:00:00 UTC,0.9996192735551841,3221104234.934487,580851212.1851715
2020-12-14 00:00:00 UTC,1.000654591850414,3271544009.0292277,554573659.2883922
2020-12-15 00:00:00 UTC,0.9989771380061672,3281248612.6813374,518187223.32843304
2020-12-16 00:00:00 UTC,1.000058109016203,3287513028.6261783,607924540.2882618
2020-12-17 00:00:00 UTC,0.9976351588813638,3315561176.6921782,815281154.2711381
2020-12-18 00:00:00 UTC,1.0007322637431975,3294373041.371436,1138466129.4277132
2020-12-19 00:00:00 UTC,1.0008015205091683,3298168361.1208625,872536572.9388162
2020-12-20 00:00:00 UTC,0.9997133561923871,3383803900.3553276,773947749.3203502
2020-12-21 00:00:00 UTC,0.9993698376563123,3367310807.568297,746197640.5427605
2020-12-22 00:00:00 UTC,0.99695514412162,3354936550.195095,881597851.3159701
2020-12-23 00:00:00 UTC,1.0021717844244304,3382198127.8024282,1076390262.6837974
2020-12-24 00:00:00 UTC,1.0025962328849,3456806893.283377,1049431948.3124917
2020-12-25 00:00:00 UTC,1.0021470060461446,3560032067.6825166,861832781.4304547
2020-12-26 00:00:00 UTC,1.0002261966543207,3556134257.378951,827657720.2654791
2020-12-27 00:00:00 UTC,1.0013502324400712,3567381017.3771996,888919878.760487
2020-12-28 00:00:00 UTC,0.9985212889313004,3622545891.9992285,1243509136.9558241
2020-12-29 00:00:00 UTC,1.0030155410972639,3681723725.312681,1114721515.0966094
2020-12-30 00:00:00 UTC,1.0032934424537712,3731970717.6332045,1258085332.132933
2020-12-31 00:00:00 UTC,1.0006530822797923,3705248341.6775026,1337175783.38338
2021-01-01 00:00:00 UTC,1.0014906084668167,3925840105.2082787,1328183557.2887115
2021-01-02 00:00:00 UTC,0.9994827791130811,4123724902.2271843,1017242929.1513487
2021-01-03 00:00:00 UTC,1.002601259400023,4128120369.150497,2583430277.68105
2021-01-04 00:00:00 UTC,0.9965639082258263,4227905606.022351,8822770342.644243
2021-01-05 00:00:00 UTC,0.9808943193723147,4254328706.9059496,2612543382.271602
2021-01-06 00:00:00 UTC,0.9999673121710855,4372477494.602853,1757530396.6609378
2021-01-07 00:00:00 UTC,1.000257719476318,4383223919.999994,1824927971.9570255
2021-01-08 00:00:00 UTC,1.0038305490576833,4487166194.893721,2281564713.4522996
2021-01-09 00:00:00 UTC,1.0013946457621614,4569415836.970623,2329460190.6595893
2021-01-10 00:00:00 UTC,0.9986514945642958,4756435704.08813,1530080056.748359
2021-01-11 00:00:00 UTC,1.0017748548493897,4823053784.678522,1911614658.0474405
2021-01-12 00:00:00 UTC,1.0037355736018048,4827132057.482812,3405425027.144373
2021-01-13 00:00:00 UTC,1.0030626259102515,4783652038.103683,2030048039.104106
2021-01-14 00:00:00 UTC,1.002332080230294,4762603311.208288,1717314418.553346
2021-01-15 00:00:00 UTC,1.0037235586606632,4828960535.356582,1847482881.567884
2021-01-16 00:00:00 UTC,1.00170040030678,4876847232.563923,2488663054.823596
2021-01-17 00:00:00 UTC,1.0004455946387552,5042504749.588362,1703443275.8119874
2021-01-18 00:00:00 UTC,0.9977164065535541,5073254051.47403,1463652514.7873156
2021-01-19 00:00:00 UTC,0.9995710762032741,5130649762.345672,1401769173.96061
2021-01-20 00:00:00 UTC,0.9944315615856414,5144419415.794786,2043897136.1176386
2021-01-21 00:00:00 UTC,1.0015223442123866,5295657476.162421,1814835507.2740333
2021-01-22 00:00:00 UTC,1.0001832166728162,5371877612.754116,2321675004.1091356
2021-01-23 00:00:00 UTC,1.001389397096311,5517506426.223048,2463903785.088229
2021-01-24 00:00:00 UTC,0.9996681217219734,5594771753.147792,1312943569.856355
2021-01-25 00:00:00 UTC,1.0008067267035035,5604626118.4117985,1345891280.6663795
2021-01-26 00:00:00 UTC,0.9990399783495205,5538707947.677226,1647358191.4030159
2021-01-27 00:00:00 UTC,0.9998673338225953,5423438351.781103,1660151401.3448236
2021-01-28 00:00:00 UTC,1.0005503726351923,5500492872.854882,10157399997.264395
2021-01-29 00:00:00 UTC,0.9927445209254281,5648928084.022703,1557540149.9242077
2021-01-30 00:00:00 UTC,0.9977962959890639,5838749940.04343,2526272822.5546975
2021-01-31 00:00:00 UTC,0.9965047694774088,5835791902.409501,1387220618.3041587
2021-02-01 00:00:00 UTC,0.9972769381297606,5890426384.544125,1169828540.3366117
2021-02-02 00:00:00 UTC,0.9981778513589739,5881863611.134356,1427311933.9437847
2021-02-03 00:00:00 UTC,0.9989742383267867,5950883380.064344,1794940995.148829
2021-02-04 00:00:00 UTC,0.999675695892607,6087940607.564829,1872069849.3226407
2021-02-05 00:00:00 UTC,0.9951192439584959,6178741214.817772,1905187282.952364
2021-02-06 00:00:00 UTC,1.0009691571022041,6322831601.475887,1769369117.032588
2021-02-07 00:00:00 UTC,1.0005846939887308,6433917491.041055,1850193645.8921485
2021-02-08 00:00:00 UTC,0.9956883031989143,6476719261.728173,1819644060.6393359
2021-02-09 00:00:00 UTC,1.0022510075876712,6517634647.082634,2388073715.775207
2021-02-10 00:00:00 UTC,1.0015524870201002,6627096518.326073,2183956972.9045305
2021-02-11 00:00:00 UTC,0.9967785933736666,6763193828.535331,2172834506.297717
2021-02-12 00:00:00 UTC,0.9968832423756454,6913660759.284011,2003144935.0622401
2021-02-13 00:00:00 UTC,0.9990964028294615,7027287391.27018,2103955373.1165996
2021-02-14 00:00:00 UTC,0.9993562097938669,7190053397.070977,2203423983.657174
2021-02-15 00:00:00 UTC,0.9963685978844341,7433772485.924815,1893595575.0592654
2021-02-16 00:00:00 UTC,0.9993443427345468,7427673930.147296,2142633581.879176
2021-02-17 00:00:00 UTC,1.0014846444546581,7456620805.750919,2043101467.0830586
2021-02-18 00:00:00 UTC,0.9990773522611268,7262343574.952406,2089602044.258629
2021-02-19 00:00:00 UTC,1.0020460348463043,7346658146.765577,2073385973.356133
2021-02-20 00:00:00 UTC,1.0050462652355499,7555406943.939532,2321677405.742254
2021-02-21 00:00:00 UTC,1.0087647084211564,7733340119.667788,2535209690.7369847
2021-02-22 00:00:00 UTC,1.0026040214683123,7866158100.973781,1882604417.746181
2021-02-23 00:00:00 UTC,1.0055739997226145,8032612636.103109,3635204386.6176386
2021-02-24 00:00:00 UTC,1.0059974877120352,8125731411.270128,4689510311.625016
2021-02-25 00:00:00 UTC,1.0049658152023635,8404744817.241417,2926855932.8216524
2021-02-26 00:00:00 UTC,0.9926747771808678,8448299264.704907,2297031675.5165515
2021-02-27 00:00:00 UTC,1.007008110584309,8885825463.25216,2596326921.9836593
2021-02-28 00:00:00 UTC,1.009084432701097,8973026510.162157,1777767769.322709
2021-03-01 00:00:00 UTC,0.9972352415967646,9003494922.920973,2405474885.1310687
2021-03-02 00:00:00 UTC,1.0026038727583477,9053683777.002365,2182083479.115926
2021-03-03 00:00:00 UTC,1.006162667672722,8959115661.788998,1944764133.1158638
2021-03-04 00:00:00 UTC,0.9969030471027999,8823613106.805069,1850863954.4861872
2021-03-05 00:00:00 UTC,1.0095295404690023,8902532162.51189,2058568240.8886685
2021-03-06 00:00:00 UTC,1.0044801017898486,8894751158.482338,1944953565.1172473
2021-03-07 00:00:00 UTC,1.00004495198052,9032233273.946411,1217712804.8221512
2021-03-08 00:00:00 UTC,1.0024270474350858,9176406818.472105,1266665111.2774973
2021-03-09 00:00:00 UTC,1.0036598451442194,9145091358.233006,1388309439.610572
2021-03-10 00:00:00 UTC,1.0017895864080708,9150186674.592384,1605583799.3808465
2021-03-11 00:00:00 UTC,0.9978938465431584,9201978686.7138,1474159583.4605677
2021-03-12 00:00:00 UTC,0.9991359466706182,9319995199.601757,1529882540.2342496
2021-03-13 00:00:00 UTC,1.0013004938797547,9346257994.862656,1956649534.9221096
2021-03-14 00:00:00 UTC,1.0001946793985093,9441975283.504192,1992432779.2515612
2021-03-15 00:00:00 UTC,0.9941177596937985,9410543236.68596,1508713165.520305
2021-03-16 00:00:00 UTC,0.9995327059584479,9519577208.063923,1824902516.2523031
2021-03-17 00:00:00 UTC,1.0061237229622233,9518430137.64325,1762421242.0315874
2021-03-18 00:00:00 UTC,1.0039799812538315,9603930632.686089,1783092757.453282
2021-03-19 00:00:00 UTC,1.0037380821169943,9735135431.104248,1406159688.2519681
2021-03-20 00:00:00 UTC,1.000935152156741,9995845147.429546,1429286997.3873203
2021-03-21 00:00:00 UTC,1.0007006714434574,10047460400.69455,1153863736.4091437
2021-03-22 00:00:00 UTC,1.0037714831149223,10222586940.02875,1250268662.889638
2021-03-23 00:00:00 UTC,1.0013927367002986,10262107981.295486,1523503520.5674694
2021-03-24 00:00:00 UTC,0.9993339581428111,10297325819.502125,1597298271.8828883
2021-03-25 00:00:00 UTC,1.0003118251171248,10378845922.447048,1998164912.5764756
2021-03-26 00:00:00 UTC,0.9999520864225984,10525664762.637266,1750411685.2147138
2021-03-27 00:00:00 UTC,1.0030460030886108,10839740837.13481,1623914872.2459357
2021-03-28 00:00:00 UTC,1.000058167439249,10899687714.941328,1606554237.6762474
2021-03-29 00:00:00 UTC,1.0013425585715812,10989945486.61024,1192293696.6954603
2021-03-30 00:00:00 UTC,1.0035157886304866,10809771379.204071,1615033078.1749063
2021-03-31 00:00:00 UTC,1.00069294953662,10903519641.173302,1452816285.8463438
2021-04-01 00:00:00 UTC,0.9990316334390995,10825119295.695835,1506219366.906718
2021-04-02 00:00:00 UTC,0.9997174509434927,10874663109.108192,1458168422.213789
2021-04-03 00:00:00 UTC,0.9988782746327748,10920631184.154629,1565194408.3361483
2021-04-04 00:00:00 UTC,0.9954684047379396,10814220927.238144,1547584027.5909579
2021-04-05 00:00:00 UTC,1.000418175589247,11072379392.678122,1220050349.264537
2021-04-06 00:00:00 UTC,0.9995305686004268,11039896701.066778,1341480945.7109308
2021-04-07 00:00:00 UTC,0.9998567004824946,10937004459.000566,1447443053.7194757
2021-04-08 00:00:00 UTC,0.9985358718598235,11025108742.871372,1689134739.7204864
2021-04-09 00:00:00 UTC,1.001344379784624,11178287475.748632,1487482374.5328546
2021-04-10 00:00:00 UTC,1.0012366370700763,11219365821.476778,1297781178.932301
2021-04-11 00:00:00 UTC,1.0015155814657648,11185465356.753798,1530855579.1702342
2021-04-12 00:00:00 UTC,1.0017476148725126,11280826363.906288,1237548672.0287385
2021-04-13 00:00:00 UTC,1.0001568131189003,11011222093.621447,1572582678.3459134
2021-04-14 00:00:00 UTC,1.0013376069457904,11159853205.401423,2796929770.476705
2021-04-15 00:00:00 UTC,0.9999282376835286,11487127274.016626,2424352048.737573
2021-04-16 00:00:00 UTC,0.999893831092283,11602388663.572771,1800585366.140211
2021-04-17 00:00:00 UTC,0.9985936670331128,11970285414.23993,2671479847.2685447
2021-04-18 00:00:00 UTC,1.0002436393483567,12314666876.613438,1873636162.8898432
2021-04-19 00:00:00 UTC,0.999799520101216,12649880206.719316,3870261755.0832877
2021-04-20 00:00:00 UTC,0.999521920255775,12763424151.920591,3363722796.492738
2021-04-21 00:00:00 UTC,0.9985144878625533,13003119763.966028,2366393732.705452
2021-04-22 00:00:00 UTC,0.9995208473149434,13084305484.786802,2896583130.7989936
2021-04-23 00:00:00 UTC,1.0025994493687587,13106028086.899845,2985067470.546589
2021-04-24 00:00:00 UTC,1.0011830450633254,13264415771.202353,3793614832.5450797
2021-04-25 00:00:00 UTC,0.9983083850815774,13527497524.34261,1774353972.8464398
2021-04-26 00:00:00 UTC,0.9995893452719633,13667640425.663292,1696994804.954846
2021-04-27 00:00:00 UTC,1.0007963565756348,13775379892.178226,2317340805.9447665
2021-04-28 00:00:00 UTC,0.9985809680430197,13879528332.317007,1974756347.7679195
2021-04-29 00:00:00 UTC,1.000601652273028,13917317509.708992,1971921654.1922357
2021-04-30 00:00:00 UTC,1.0014708751455363,14603752839.431124,1796835293.1905515
2021-05-01 00:00:00 UTC,1.0006265514854802,14671379802.829935,1860149010.2527225
2021-05-02 00:00:00 UTC,0.9998394290815192,14711500830.430014,1662978519.9284441
2021-05-03 00:00:00 UTC,0.9995728726863571,14681097408.935537,1336953065.95482
2021-05-04 00:00:00 UTC,0.9999726977910727,14645727408.757095,2494538737.710298
2021-05-05 00:00:00 UTC,0.9925838588469663,14864602401.025282,2655130306.72285
2021-05-06 00:00:00 UTC,1.00044951372441,15078309685.526117,2967614198.3709807
2021-05-07 00:00:00 UTC,0.9970996598410437,15095243417.581223,2383566104.7533197
2021-05-08 00:00:00 UTC,1.0024741310848053,15175582508.939072,2254832587.8493876
2021-05-09 00:00:00 UTC,1.0012773964048622,15411075861.345764,2321167569.327604
2021-05-10 00:00:00 UTC,0.9992296222656204,15685227316.528692,2815839836.8843956
2021-05-11 00:00:00 UTC,0.9990277428398573,15693277010.178776,3399328410.254523
2021-05-12 00:00:00 UTC,1.0018008648423171,15739931852.9805,2846682850.153807
2021-05-13 00:00:00 UTC,0.9923164539970946,15720985268.477211,4151537586.5996785
2021-05-14 00:00:00 UTC,1.0058820331884666,16040203996.556343,5299857695.220318
2021-05-15 00:00:00 UTC,1.0000800269577659,16300886623.744558,3860729122.8846116
2021-05-16 00:00:00 UTC,1.0047588099246039,16506100925.921581,3414917864.8580666
2021-05-17 00:00:00 UTC,1.0109887312805184,16551787203.888527,4458038870.106681
2021-05-18 00:00:00 UTC,1.00158809071858,17010869514.355076,4427081440.980453
2021-05-19 00:00:00 UTC,1.0017199118044837,17015755724.35774,3063950989.8337646
2021-05-20 00:00:00 UTC,0.9966865371407988,17448183840.274864,9544688366.01949
2021-05-21 00:00:00 UTC,0.994089643968968,18304414336.56181,6906158126.989912
2021-05-22 00:00:00 UTC,0.9970977756119855,19503925133.622093,6422604224.043231
2021-05-23 00:00:00 UTC,0.9980927708983216,19863377445.61387,4668136996.868838
2021-05-24 00:00:00 UTC,0.9997997490008425,20479394910.453564,7203579906.878368
2021-05-25 00:00:00 UTC,1.0003101654565583,20822322852.923393,5897963011.644626
2021-05-26 00:00:00 UTC,0.9992174942161505,20894350190.067165,4396819013.531104
2021-05-27 00:00:00 UTC,0.9996993852391354,21629088335.485847,3811840311.9315767
2021-05-28 00:00:00 UTC,1.000133285908566,22028910595.869316,3450728598.9924717
2021-05-29 00:00:00 UTC,1.0056512893622975,22237952997.395096,4026301563.4643903
2021-05-30 00:00:00 UTC,0.9962843772448616,22197384368.265133,4601662544.14052
2021-05-31 00:00:00 UTC,1.0004349271089625,22426127684.85562,4255013571.5792856
2021-06-01 00:00:00 UTC,1.0017286032156016,22704685390.73409,3165796909.3096766
2021-06-02 00:00:00 UTC,1.0006914837242176,22715036496.804707,2749652667.001661
2021-06-03 00:00:00 UTC,0.9980672301665289,22759949916.48939,2358133270.86172
2021-06-04 00:00:00 UTC,1.002763205745533,22905883547.77688,3003783256.381125
2021-06-05 00:00:00 UTC,1.0003120566178447,22915441530.569763,3669550822.702259
2021-06-06 00:00:00 UTC,1.001756550474255,22938639641.369446,2483738502.483078
2021-06-07 00:00:00 UTC,1.0034150066260956,23073263172.950417,1745421401.7341905
2021-06-08 00:00:00 UTC,0.9993898523984893,23082064115.333267,2982466773.279704
2021-06-09 00:00:00 UTC,1.002264371604149,23200615748.52512,3964036386.950769
2021-06-10 00:00:00 UTC,1.0017006731647482,23358653521.44259,3999849858.627194
2021-06-11 00:00:00 UTC,1.000654847457573,23237329690.439667,2678726031.0734935
2021-06-12 00:00:00 UTC,1.0003960521558628,23485819485.152416,2596621296.1372223
2021-06-13 00:00:00 UTC,1.000028133735662,23644275383.88617,2467544434.3799257
2021-06-14 00:00:00 UTC,1.0067974593233198,23762953484.245693,2621971288.5578566
2021-06-15 00:00:00 UTC,1.0053508645710783,23860101075.233173,2838278677.846829
2021-06-16 00:00:00 UTC,1.0030578923887703,23903919117.514256,2512011566.4781604
2021-06-17 00:00:00 UTC,1.000570206109849,23802115379.662952,2209807371.087803
2021-06-18 00:00:00 UTC,1.0055552192686517,23938162355.10466,2652255645.545244
2021-06-19 00:00:00 UTC,1.0031113834373258,24316073415.70973,2566660386.3638854
2021-06-20 00:00:00 UTC,1.0001229013082769,24345717744.88539,2056052890.6608026
2021-06-21 00:00:00 UTC,1.0062031082758827,24520273749.06823,2627608529.276673
2021-06-22 00:00:00 UTC,0.9995282981708383,25044676393.874527,4748294172.742107
2021-06-23 00:00:00 UTC,1.0041915205808332,25217013576.67858,4189557679.1903715
2021-06-24 00:00:00 UTC,1.00398368357042,25563546984.95788,3025408850.2024035
2021-06-25 00:00:00 UTC,1.0001707846175036,25536327907.691532,2643793852.6334295
2021-06-26 00:00:00 UTC,1.004869069917349,25848144731.842224,2391686134.4524574
2021-06-27 00:00:00 UTC,1.004215771267567,25845805610.519325,2188946505.240013
2021-06-28 00:00:00 UTC,1.0041659414561184,25966143374.74217,2034030049.959935
2021-06-29 00:00:00 UTC,1.0029938462261663,25325494703.804653,2348213560.6038957
2021-06-30 00:00:00 UTC,0.9995454305101491,25227093820.818592,3563868028.4215655
2021-07-01 00:00:00 UTC,1.003276383269923,25187559419.98435,2251454931.9562798
2021-07-02 00:00:00 UTC,1.0049284501172215,25295918721.68839,2073948085.8588114
2021-07-03 00:00:00 UTC,1.0030238129327305,25504182251.092415,1727233927.0043588
2021-07-04 00:00:00 UTC,1.0025487614126976,25571786493.533737,1410145853.9739063
2021-07-05 00:00:00 UTC,1.0011073333747749,25558269535.10964,1620489859.7292316
2021-07-06 00:00:00 UTC,1.0016088688419937,25574855812.555763,2187383463.1399198
2021-07-07 00:00:00 UTC,1.0020838686309002,25736640791.76188,2198474799.5788593
2021-07-08 00:00:00 UTC,1.0002803093094566,25803727530.315742,1717756880.9489553
2021-07-09 00:00:00 UTC,1.0034025538713038,26047252041.07347,2038390657.2904336
2021-07-10 00:00:00 UTC,1.0017759407961788,26069633400.14585,2501375803.997252
2021-07-11 00:00:00 UTC,1.0022774727768748,26168294198.93254,1650175608.6630661
2021-07-12 00:00:00 UTC,1.0011482162067769,26145472545.0769,1169785527.7513638
2021-07-13 00:00:00 UTC,1.0039191696145673,26442919220.393044,1782534217.4620235
2021-07-14 00:00:00 UTC,1.001723926543395,26487629399.862064,1864575123.7114668
2021-07-15 00:00:00 UTC,1.001863193350782,26700071046.38543,2221514263.0429163
2021-07-16 00:00:00 UTC,1.0038034667866484,26383458214.494507,2011101995.5996547
2021-07-17 00:00:00 UTC,0.9988126292806283,26357277619.747456,1921083999.7802553
2021-07-18 00:00:00 UTC,1.0000238343972092,26623730448.01727,1481554953.6890225
2021-07-19 00:00:00 UTC,1.005060200137228,26790894613.420063,1454896428.478008
2021-07-20 00:00:00 UTC,1.0009049846933598,26751449955.994514,1862987096.6978638
2021-07-21 00:00:00 UTC,1.0031523570444618,26845829804.105263,2278781275.586301
2021-07-22 00:00:00 UTC,1.007643507980877,26993133328.154568,2544159241.75215
2021-07-23 00:00:00 UTC,1.0025618296127687,27009192505.517094,1850724338.180604
2021-07-24 00:00:00 UTC,1.000762093751346,27109004815.011272,1711136040.862254
2021-07-25 00:00:00 UTC,1.0023801822467207,27075645361.846138,1772011209.5271072
2021-07-26 00:00:00 UTC,1.0051684494475785,27274094166.297848,1535577303.3257458
2021-07-27 00:00:00 UTC,0.9941799609933841,27048461699.123333,4391024899.441503
2021-07-28 00:00:00 UTC,1.0034588000672962,27214470964.909294,3176525904.091166
2021-07-29 00:00:00 UTC,1.0007159596576658,27329563748.302,3033010286.015151
2021-07-30 00:00:00 UTC,0.9973742767593871,27270295456.840073,2287711059.7628493
2021-07-31 00:00:00 UTC,1.005691764791312,27488455660.52064,2658076654.2887964
2021-08-01 00:00:00 UTC,0.9989643793664992,27319676910.389874,1962863835.754403
2021-08-02 00:00:00 UTC,0.998339517057477,27312514187.17148,2488421916.4432187
2021-08-03 00:00:00 UTC,0.9998084367758249,27402862312.035168,2303231523.3600335
2021-08-04 00:00:00 UTC,0.9990714895454361,27477883848.604694,2888889282.108002
2021-08-05 00:00:00 UTC,0.9999243841597766,27590796350.718475,2605149115.9970837
2021-08-06 00:00:00 UTC,0.9985326970241558,27593186740.077972,3047998681.29084
2021-08-07 00:00:00 UTC,1.0002919417077172,27574471033.014145,2870781463.2855206
2021-08-08 00:00:00 UTC,1.0008474611131117,27660079590.67536,3301170563.9101067
2021-08-09 00:00:00 UTC,1.0005290532301807,27591736543.9611,2783802834.629255
2021-08-10 00:00:00 UTC,0.9999502527118601,27948178608.41156,3662642173.284566
2021-08-11 00:00:00 UTC,1.0004276023507046,28005369590.758713,2757118794.0735364
2021-08-12 00:00:00 UTC,0.9997230957568616,27950403625.00529,2591313521.3399005
2021-08-13 00:00:00 UTC,1.0008518780822764,27860191049.070683,2801880157.0313625
2021-08-14 00:00:00 UTC,1.0012317454712487,27713587184.458107,2416411068.593856
2021-08-15 00:00:00 UTC,1.0000780733624217,27747983649.699543,2024866485.1361244
2021-08-16 00:00:00 UTC,0.9987487633867012,27604891795.48218,2234159326.503832
2021-08-17 00:00:00 UTC,0.9998537871704815,27425038808.692734,2545990179.0961475
2021-08-18 00:00:00 UTC,0.9970110061263184,27480130954.437946,3135443741.0567737
2021-08-19 00:00:00 UTC,0.9990774536956712,27501150833.491272,2834887777.242838
2021-08-20 00:00:00 UTC,1.0040721381651878,27570889506.354744,2804545699.8337374
2021-08-21 00:00:00 UTC,1.0001057853321054,26988358692.68921,2512449948.6523056
2021-08-22 00:00:00 UTC,0.9984787221063346,26943862008.96067,1924809814.2970293
2021-08-23 00:00:00 UTC,0.9993897894544811,26994190691.654663,1764789687.6605463
2021-08-24 00:00:00 UTC,0.9999110622531403,26909139886.027756,2175669029.090488
2021-08-25 00:00:00 UTC,0.9993957172855017,26960386899.52098,2546382701.750374
2021-08-26 00:00:00 UTC,1.0001550721824317,27067045684.49964,2322470389.4989243
2021-08-27 00:00:00 UTC,1.0012892893927698,27063633911.099968,2438957713.4545474
2021-08-28 00:00:00 UTC,1.0001085419704292,27160308680.021217,2240900847.659001
2021-08-29 00:00:00 UTC,1.0026644568839351,27208835428.95669,1393164016.5055757
